record_id,redcap_event_name,redcap_repeat_instrument,redcap_repeat_instance,subject,vl,date,preparatory_coged_complete,general_questions_timestamp,age,gender,edu,state,general_questions_complete,inclusion,inclusion_0___1,inclusion_0___2,inclusion_0_2,researcher_questions_complete,nasatlx_timestamp,nasa_tlx_01,nasa_tlx_02,nasa_tlx_03,nasa_tlx_04,nasa_tlx_05,nasa_tlx_06,nasatlx_complete,t1_psychopy_ed_csv,t1_psychopy_nback_csv,t1_psychopy_randch_log,t1_session_notes,files_coged_complete,record_id_2,vl_er,date_er,preparatory_ered_complete,emg_eeg,emg_vhdr,emg_vmrk,er_psychopy_csv,ed_psychopy_csv,t2_session_notes,files_ered_complete,followup_ered_timestamp,nachb_01,nachb_01_inhalt,nachb_02,nachb_02_inhalt,nachb_03,nachb_07,nachb_07_inhalt,nachb_08,nachb_08_inhalt,nachb_08_haeufig,nachb_08_zurueck,followup_ered_complete,nfc_timestamp,nfc_01,nfc_02,nfc_03,nfc_04,nfc_05,nfc_06,nfc_07,nfc_08,nfc_09,nfc_10,nfc_11,nfc_12,nfc_13,nfc_14,nfc_15,nfc_16,nfc_complete,bis_11_timestamp,bis11_01,bis11_02,bis11_03,bis11_04,bis11_05,bis11_06,bis11_07,bis11_08,bis11_09,bis11_10,bis11_11,bis11_12,bis11_13,bis11_14,bis11_15,bis11_16,bis11_17,bis11_18,bis11_19,bis11_20,bis11_21,bis11_22,bis11_23,bis11_24,bis11_25,bis11_26,bis11_27,bis11_28,bis11_29,bis11_30,bis_11_complete,bscs_timestamp,bscs_1,bscs_2,bscs_3,bscs_4,bscs_5,bscs_6,bscs_7,bscs_8,bscs_9,bscs_10,bscs_11,bscs_12,bscs_13,bscs_complete,srs_timestamp,srs_01,srs_02,srs_03,srs_04,srs_05,srs_06,srs_07,srs_08,srs_09,srs_10,srs_complete,erq_erqse_timestamp,erq_01,erq_02,erq_03,erq_04,erq_05,erq_06,erq_07,erq_08,erq_09,erq_10,erq_01_2,erq_03_1,erq_03_2,erq_05_1,erq_05_2,erq_07_2,erq_08_1,erq_08_2,erq_10_1,erq_10_2,erq_se_01,erq_se_02,erq_se_03,erq_se_04,erq_se_05,erq_se_06,erq_se_07,erq_se_08,erq_se_09,erq_se_10,erq_se_01_2,erq_se_03_1,erq_se_03_2,erq_se_05_1,erq_se_05_2,erq_se_07_2,erq_se_08_1,erq_se_08_2,erq_se_10_1,erq_se_10_2,erq_erqse_complete,who5_timestamp,who5_1,who5_2,who5_3,who5_4,who5_5,who5_complete,acs_timestamp,acs_01,acs_02,acs_03,acs_04,acs_05,acs_06,acs_08,acs_09,acs_10,acs_11,acs_12,acs_13,acs_14,acs_15,acs_16,acs_17,acs_18,acs_19,acs_20,acs_complete,cdrisc_timestamp,risc_01,risc_04,risc_06,risc_07,risc_08,risc_11,risc_14,risc_16,risc_17,risc_19,cdrisc_complete,flexer_timestamp,flexer_01,flexer_02,flexer_03,flexer_04,flexer_05,flexer_06,flexer_07,flexer_08,flexer_09,flexer_10,flexer_complete,lay_beliefs_timestamp,layb_01,layb_02,layb_03,layb_04,lay_beliefs_complete
C02N10,t1_coged_arm_1,,,C02N10,CS,2021-10-01,2,"2021-10-01 13:36:16",23,1,3,0,2,1,0,0,,2,,,,,,,,,C02N10_t1_ED_2021_Oct_01_1339.csv,C02N10_t1_nback_2021_Oct_01_1339.csv,C02N10_t1_randomchoice_2021_Oct_01_1339.csv,"Proband meinte, er habe die level nicht richtig den Farben zugeordnet, sondern beim Discounting eher nach Gefühl entschieden",2,,,,,,,,,,,,,,,,,,,,,,,,,,,,,,,,,,,,,,,,,,,,,,,,,,,,,,,,,,,,,,,,,,,,,,,,,,,,,,,,,,,,,,,,,,,,,,,,,,,,,,,,,,,,,,,,,,,,,,,,,,,,,,,,,,,,,,,,,,,,,,,,,,,,,,,,,,,,,,,,,,,,,,,,,,,,,,,,,,,,,,,,,,,,,,,,,,,,,,,,,
C02N10,t2_ered_arm_1,,,,,,,,,,,,,,,,,,,,,,,,,,,,,,,C02N10,CS,2021-10-08,2,C02N10.eeg,C02N10.vhdr,C02N10.vmrk,C02N10_ER_paradigm_2021_Oct_08_1401.csv,C02N10_ER_paradigm_2021_Oct_08_1401_1.csv,,2,"2021-10-08 14:33:32",0,,1,,"Weil ich regelmäßig meditiere und mir somit die Distanzierung von Gedanken und Gefühlen relativ vertraut ist.",0,,1,"Entscheidungsaufgaben mit Geldwerten",2,12.0,2,,,,,,,,,,,,,,,,,,,,,,,,,,,,,,,,,,,,,,,,,,,,,,,,,,,,,,,,,,,,,,,,,,,,,,,,,,,,,,,,,,,,,,,,,,,,,,,,,,,,,,,,,,,,,,,,,,,,,,,,,,,,,,,,,,,,,,,,,,,,,,,,,,,,,,,,,,,,,,,,,,,,,,,,,,,,,,,,,
C02N10,t3_fb_arm_1,,,,,,,,,,,,,,,,,,,,,,,,,,,,,,,,,,,,,,,,,,,,,,,,,,,,,,,"2021-10-11 08:51:52"," +2"," +2"," +1"," -1"," +1",0," -1"," -1"," -2"," -1"," -2"," -2"," +1",0," -3"," -3",2,"2021-10-11 08:53:45",3,2,2,2,2,2,2,3,2,2,1,2,2,2,2,2,2,1,3,2,2,2,1,2,1,2,2,1,2,2,2,"2021-10-11 08:55:00",4,3,3,2,4,3,2,4,4,3,4,3,3,2,"2021-10-11 08:55:51",3,3,3,3,2,3,2,3,2,3,2,"2021-10-11 09:00:51",7,1,7,2,7,3,7,7,2,7,7,4,7,5,7,7,4,6,4,7,6,3,6,6,7,3,6,6,2,6,6,4,6,5,6,6,4,6,4,5,2,"2021-10-11 09:01:34",3,2,2,1,3,2,"2021-10-11 09:03:55",2,2,1,2,2,1,2,2,3,2,2,4,2,3,2,3,3,2,2,2,"2021-10-11 09:04:46",6,5,5,5,5,5,4,5,5,5,2,"2021-10-11 09:05:56",2,2,2,2,2,2,3,2,2,2,2,"2021-10-11 09:07:01",5,2,3,3,2
C02N10,t1_coged_arm_1,nasatlx,1,,,,,,,,,,,,,,,,,12,4,4,19,10,2,2,,,,,,,,,,,,,,,,,,,,,,,,,,,,,,,,,,,,,,,,,,,,,,,,,,,,,,,,,,,,,,,,,,,,,,,,,,,,,,,,,,,,,,,,,,,,,,,,,,,,,,,,,,,,,,,,,,,,,,,,,,,,,,,,,,,,,,,,,,,,,,,,,,,,,,,,,,,,,,,,,,,,,,,,,,,,,,,,,,,,,,,,,,,,,,,,,,,,,,,,,,,,,,
C02N10,t1_coged_arm_1,nasatlx,2,,,,,,,,,,,,,,,,,13,5,5,18,14,3,2,,,,,,,,,,,,,,,,,,,,,,,,,,,,,,,,,,,,,,,,,,,,,,,,,,,,,,,,,,,,,,,,,,,,,,,,,,,,,,,,,,,,,,,,,,,,,,,,,,,,,,,,,,,,,,,,,,,,,,,,,,,,,,,,,,,,,,,,,,,,,,,,,,,,,,,,,,,,,,,,,,,,,,,,,,,,,,,,,,,,,,,,,,,,,,,,,,,,,,,,,,,,,,
C02N10,t1_coged_arm_1,nasatlx,3,,,,,,,,,,,,,,,,,17,7,7,15,15,5,2,,,,,,,,,,,,,,,,,,,,,,,,,,,,,,,,,,,,,,,,,,,,,,,,,,,,,,,,,,,,,,,,,,,,,,,,,,,,,,,,,,,,,,,,,,,,,,,,,,,,,,,,,,,,,,,,,,,,,,,,,,,,,,,,,,,,,,,,,,,,,,,,,,,,,,,,,,,,,,,,,,,,,,,,,,,,,,,,,,,,,,,,,,,,,,,,,,,,,,,,,,,,,,
C02N10,t1_coged_arm_1,nasatlx,4,,,,,,,,,,,,,,,,,20,8,12,10,14,9,2,,,,,,,,,,,,,,,,,,,,,,,,,,,,,,,,,,,,,,,,,,,,,,,,,,,,,,,,,,,,,,,,,,,,,,,,,,,,,,,,,,,,,,,,,,,,,,,,,,,,,,,,,,,,,,,,,,,,,,,,,,,,,,,,,,,,,,,,,,,,,,,,,,,,,,,,,,,,,,,,,,,,,,,,,,,,,,,,,,,,,,,,,,,,,,,,,,,,,,,,,,,,,,
D17T06,t1_coged_arm_1,,,D17T06,JZ,2021-10-18,2,"2021-10-18 10:05:15",26,2,3,0,2,1,0,0,,2,,,,,,,,,D17T06_t1_ED.csv,D17T06_t1_nback.csv,D17T06_t1_randomchoice.csv,,2,,,,,,,,,,,,,,,,,,,,,,,,,,,,,,,,,,,,,,,,,,,,,,,,,,,,,,,,,,,,,,,,,,,,,,,,,,,,,,,,,,,,,,,,,,,,,,,,,,,,,,,,,,,,,,,,,,,,,,,,,,,,,,,,,,,,,,,,,,,,,,,,,,,,,,,,,,,,,,,,,,,,,,,,,,,,,,,,,,,,,,,,,,,,,,,,,,,,,,,,,
D17T06,t2_ered_arm_1,,,,,,,,,,,,,,,,,,,,,,,,,,,,,,,D17T06,JZ,2021-11-02,2,D17T06.eeg,D17T06.vhdr,D17T06.vmrk,D17T06_ER.csv,D17T06_ED.csv,,2,"2021-11-02 10:43:46",0,,1,,"Sie war gefühlt am kontinuierlichsten umzusetzen",1,"Erster Block: eher weniger emotionsgeladene Bilder",0,,,,2,,,,,,,,,,,,,,,,,,,,,,,,,,,,,,,,,,,,,,,,,,,,,,,,,,,,,,,,,,,,,,,,,,,,,,,,,,,,,,,,,,,,,,,,,,,,,,,,,,,,,,,,,,,,,,,,,,,,,,,,,,,,,,,,,,,,,,,,,,,,,,,,,,,,,,,,,,,,,,,,,,,,,,,,,,,,,,,,,
D17T06,t3_fb_arm_1,,,,,,,,,,,,,,,,,,,,,,,,,,,,,,,,,,,,,,,,,,,,,,,,,,,,,,,"2021-11-06 17:40:29"," +3"," +2"," +1"," -3"," +3",0," -2"," -2"," -3"," -2"," -3"," -3"," +2",0," -3"," -3",2,"2021-11-06 17:43:59",4,2,3,1,2,3,4,4,3,4,1,4,4,2,4,2,2,1,2,4,1,1,2,2,1,2,2,3,3,4,2,"2021-11-06 17:45:38",4,2,5,2,2,4,2,5,5,2,4,2,2,2,"2021-11-06 17:46:59",4,3,3,3,3,3,2,3,1,3,2,"2021-11-06 17:56:05",6,5,7,2,6,6,7,5,6,6,2,7,5,3,2,6,7,5,6,6,5,5,7,3,6,5,6,5,3,5,5,6,6,4,6,6,5,6,6,6,2,"2021-11-06 17:57:01",3,2,3,3,5,2,"2021-11-06 18:00:18",2,1,1,3,3,3,1,2,4,2,1,4,4,3,2,3,3,3,2,2,"2021-11-06 18:01:34",6,6,6,7,7,6,5,4,6,6,2,"2021-11-06 18:03:30",2,2,2,1,1,2,3,3,3,1,2,"2021-11-06 18:04:58",5,2,4,2,2
D17T06,t1_coged_arm_1,nasatlx,1,,,,,,,,,,,,,,,,"2021-10-18 10:18:08",7,1,2,20,4,1,2,,,,,,,,,,,,,,,,,,,,,,,,,,,,,,,,,,,,,,,,,,,,,,,,,,,,,,,,,,,,,,,,,,,,,,,,,,,,,,,,,,,,,,,,,,,,,,,,,,,,,,,,,,,,,,,,,,,,,,,,,,,,,,,,,,,,,,,,,,,,,,,,,,,,,,,,,,,,,,,,,,,,,,,,,,,,,,,,,,,,,,,,,,,,,,,,,,,,,,,,,,,,,,
D17T06,t1_coged_arm_1,nasatlx,2,,,,,,,,,,,,,,,,"2021-10-18 10:27:45",10,2,5,19,7,2,2,,,,,,,,,,,,,,,,,,,,,,,,,,,,,,,,,,,,,,,,,,,,,,,,,,,,,,,,,,,,,,,,,,,,,,,,,,,,,,,,,,,,,,,,,,,,,,,,,,,,,,,,,,,,,,,,,,,,,,,,,,,,,,,,,,,,,,,,,,,,,,,,,,,,,,,,,,,,,,,,,,,,,,,,,,,,,,,,,,,,,,,,,,,,,,,,,,,,,,,,,,,,,,
D17T06,t1_coged_arm_1,nasatlx,3,,,,,,,,,,,,,,,,"2021-10-18 10:36:57",15,2,11,14,15,7,2,,,,,,,,,,,,,,,,,,,,,,,,,,,,,,,,,,,,,,,,,,,,,,,,,,,,,,,,,,,,,,,,,,,,,,,,,,,,,,,,,,,,,,,,,,,,,,,,,,,,,,,,,,,,,,,,,,,,,,,,,,,,,,,,,,,,,,,,,,,,,,,,,,,,,,,,,,,,,,,,,,,,,,,,,,,,,,,,,,,,,,,,,,,,,,,,,,,,,,,,,,,,,,
D17T06,t1_coged_arm_1,nasatlx,4,,,,,,,,,,,,,,,,"2021-10-18 10:46:29",19,4,14,9,17,12,2,,,,,,,,,,,,,,,,,,,,,,,,,,,,,,,,,,,,,,,,,,,,,,,,,,,,,,,,,,,,,,,,,,,,,,,,,,,,,,,,,,,,,,,,,,,,,,,,,,,,,,,,,,,,,,,,,,,,,,,,,,,,,,,,,,,,,,,,,,,,,,,,,,,,,,,,,,,,,,,,,,,,,,,,,,,,,,,,,,,,,,,,,,,,,,,,,,,,,,,,,,,,,,
E03T01,t1_coged_arm_1,,,E03T01,JZ,2021-10-19,2,"2021-10-19 08:27:51",18,2,3,0,2,1,0,0,,2,,,,,,,,,E03T01_t1_ED.csv,E03T01_t1_nback.csv,E03T01_t1_randomchoice.csv,,2,,,,,,,,,,,,,,,,,,,,,,,,,,,,,,,,,,,,,,,,,,,,,,,,,,,,,,,,,,,,,,,,,,,,,,,,,,,,,,,,,,,,,,,,,,,,,,,,,,,,,,,,,,,,,,,,,,,,,,,,,,,,,,,,,,,,,,,,,,,,,,,,,,,,,,,,,,,,,,,,,,,,,,,,,,,,,,,,,,,,,,,,,,,,,,,,,,,,,,,,,
E03T01,t2_ered_arm_1,,,,,,,,,,,,,,,,,,,,,,,,,,,,,,,E03T01,JZ,2021-10-26,2,E03T01.eeg,E03T01.vhdr,E03T01.vmrk,E03T01_ER.csv,E03T01_ED.csv,,2,"2021-10-26 09:15:03",0,,1,,"Weil sie mir am leichtesten gefallen ist.",0,,0,,,,2,,,,,,,,,,,,,,,,,,,,,,,,,,,,,,,,,,,,,,,,,,,,,,,,,,,,,,,,,,,,,,,,,,,,,,,,,,,,,,,,,,,,,,,,,,,,,,,,,,,,,,,,,,,,,,,,,,,,,,,,,,,,,,,,,,,,,,,,,,,,,,,,,,,,,,,,,,,,,,,,,,,,,,,,,,,,,,,,,
E03T01,t3_fb_arm_1,,,,,,,,,,,,,,,,,,,,,,,,,,,,,,,,,,,,,,,,,,,,,,,,,,,,,,,"2021-11-01 20:07:04"," +1",0," -1"," -1"," +2"," +1"," -1"," +2"," -2"," -1"," -1"," -2",0," -1"," -1"," +1",2,"2021-11-01 20:09:03",2,2,2,2,2,4,3,3,2,2,2,3,2,2,3,1,2,1,2,3,1,2,2,3,3,4,3,2,3,3,2,"2021-11-01 20:09:57",3,4,4,2,5,3,4,2,3,3,4,4,4,2,"2021-11-01 20:11:16",3,3,3,3,2,2,3,2,3,3,2,"2021-11-01 20:19:06",5,3,5,1,3,5,6,2,3,3,1,6,2,3,1,2,6,1,3,1,3,3,3,5,2,4,4,4,3,3,4,4,4,3,3,4,4,2,4,2,2,"2021-11-01 20:19:38",3,2,2,1,3,2,"2021-11-01 20:23:44",2,2,2,3,2,1,2,2,2,2,2,3,3,2,2,2,2,3,2,2,"2021-11-01 20:24:25",5,4,3,3,4,5,3,3,3,2,2,"2021-11-01 20:27:02",3,3,4,3,3,2,2,3,2,2,2,"2021-11-01 20:27:38",3,4,2,4,2
E03T01,t1_coged_arm_1,nasatlx,1,,,,,,,,,,,,,,,,"2021-10-19 08:40:24",9,5,8,17,14,10,2,,,,,,,,,,,,,,,,,,,,,,,,,,,,,,,,,,,,,,,,,,,,,,,,,,,,,,,,,,,,,,,,,,,,,,,,,,,,,,,,,,,,,,,,,,,,,,,,,,,,,,,,,,,,,,,,,,,,,,,,,,,,,,,,,,,,,,,,,,,,,,,,,,,,,,,,,,,,,,,,,,,,,,,,,,,,,,,,,,,,,,,,,,,,,,,,,,,,,,,,,,,,,,
E03T01,t1_coged_arm_1,nasatlx,2,,,,,,,,,,,,,,,,"2021-10-19 08:50:04",12,12,13,18,14,7,2,,,,,,,,,,,,,,,,,,,,,,,,,,,,,,,,,,,,,,,,,,,,,,,,,,,,,,,,,,,,,,,,,,,,,,,,,,,,,,,,,,,,,,,,,,,,,,,,,,,,,,,,,,,,,,,,,,,,,,,,,,,,,,,,,,,,,,,,,,,,,,,,,,,,,,,,,,,,,,,,,,,,,,,,,,,,,,,,,,,,,,,,,,,,,,,,,,,,,,,,,,,,,,
E03T01,t1_coged_arm_1,nasatlx,3,,,,,,,,,,,,,,,,"2021-10-19 08:59:58",16,15,15,16,15,13,2,,,,,,,,,,,,,,,,,,,,,,,,,,,,,,,,,,,,,,,,,,,,,,,,,,,,,,,,,,,,,,,,,,,,,,,,,,,,,,,,,,,,,,,,,,,,,,,,,,,,,,,,,,,,,,,,,,,,,,,,,,,,,,,,,,,,,,,,,,,,,,,,,,,,,,,,,,,,,,,,,,,,,,,,,,,,,,,,,,,,,,,,,,,,,,,,,,,,,,,,,,,,,,
E03T01,t1_coged_arm_1,nasatlx,4,,,,,,,,,,,,,,,,"2021-10-19 09:09:58",18,16,18,13,16,15,2,,,,,,,,,,,,,,,,,,,,,,,,,,,,,,,,,,,,,,,,,,,,,,,,,,,,,,,,,,,,,,,,,,,,,,,,,,,,,,,,,,,,,,,,,,,,,,,,,,,,,,,,,,,,,,,,,,,,,,,,,,,,,,,,,,,,,,,,,,,,,,,,,,,,,,,,,,,,,,,,,,,,,,,,,,,,,,,,,,,,,,,,,,,,,,,,,,,,,,,,,,,,,,
E12K08,t1_coged_arm_1,,,E12K08,CS,2021-10-07,2,"2021-10-07 13:05:51",30,1,3,0,2,1,0,0,,2,,,,,,,,,E12K08_neu_t1_ED_2021_Oct_07_1317.csv,E12K08_neu_t1_nback_2021_Oct_07_1317.csv,E12K08_neu_t1_randomchoice_2021_Oct_07_1317.csv,,2,,,,,,,,,,,,,,,,,,,,,,,,,,,,,,,,,,,,,,,,,,,,,,,,,,,,,,,,,,,,,,,,,,,,,,,,,,,,,,,,,,,,,,,,,,,,,,,,,,,,,,,,,,,,,,,,,,,,,,,,,,,,,,,,,,,,,,,,,,,,,,,,,,,,,,,,,,,,,,,,,,,,,,,,,,,,,,,,,,,,,,,,,,,,,,,,,,,,,,,,,
E12K08,t2_ered_arm_1,,,,,,,,,,,,,,,,,,,,,,,,,,,,,,,E12K08,CS,2021-10-14,2,E12K08.eeg,E12K08.vhdr,E12K08.vmrk,E12K08_ER_paradigm_2021_Oct_14_1331.csv,E12K08_ER_paradigm_2021_Oct_14_1331_1.csv,,2,"2021-10-14 14:01:18",1,"Die Bilder wurden intensiver. Es fiel schwer die Strategien zum Ende hin konsequent durchzusetzen. ",1,,"Schon in der Übung und auch im Experiment hat mich das Unterdrücken als Strategie gereizt. Es passt zur heutigen Zeit und Welt...man spürt was, zeigt es aber nicht.",0,,0,,,,2,,,,,,,,,,,,,,,,,,,,,,,,,,,,,,,,,,,,,,,,,,,,,,,,,,,,,,,,,,,,,,,,,,,,,,,,,,,,,,,,,,,,,,,,,,,,,,,,,,,,,,,,,,,,,,,,,,,,,,,,,,,,,,,,,,,,,,,,,,,,,,,,,,,,,,,,,,,,,,,,,,,,,,,,,,,,,,,,,
E12K08,t3_fb_arm_1,,,,,,,,,,,,,,,,,,,,,,,,,,,,,,,,,,,,,,,,,,,,,,,,,,,,,,,"2021-10-25 20:18:50"," +2"," +1"," +1"," +1"," +2"," -1"," -1"," +1"," -2"," -1"," -2"," +1"," +1",0," -1"," -1",2,"2021-10-25 20:21:14",4,1,3,3,2,2,3,4,3,4,2,3,2,1,3,2,2,2,3,3,2,3,1,2,1,2,1,2,3,4,2,"2021-10-25 20:22:39",3,4,5,1,1,4,2,4,4,2,4,2,1,2,"2021-10-25 20:23:52",3,3,3,4,1,3,2,3,1,3,2,"2021-10-25 20:30:31",6,6,7,2,5,6,5,6,7,2,7,7,7,1,7,4,2,5,2,6,7,4,7,7,4,3,5,7,7,3,7,4,7,1,4,3,2,4,3,7,2,"2021-10-25 20:31:13",4,4,4,4,5,2,"2021-10-25 20:34:04",4,2,3,4,3,2,3,3,4,3,2,3,1,2,2,3,2,3,2,2,"2021-10-25 20:36:17",6,6,2,5,7,6,5,6,6,4,2,"2021-10-25 20:38:26",3,2,3,2,1,2,2,2,3,2,2,"2021-10-25 20:39:16",3,2,4,2,2
E12K08,t1_coged_arm_1,nasatlx,1,,,,,,,,,,,,,,,,,6,10,12,19,14,2,2,,,,,,,,,,,,,,,,,,,,,,,,,,,,,,,,,,,,,,,,,,,,,,,,,,,,,,,,,,,,,,,,,,,,,,,,,,,,,,,,,,,,,,,,,,,,,,,,,,,,,,,,,,,,,,,,,,,,,,,,,,,,,,,,,,,,,,,,,,,,,,,,,,,,,,,,,,,,,,,,,,,,,,,,,,,,,,,,,,,,,,,,,,,,,,,,,,,,,,,,,,,,,,
E12K08,t1_coged_arm_1,nasatlx,2,,,,,,,,,,,,,,,,,16,16,17,16,17,7,2,,,,,,,,,,,,,,,,,,,,,,,,,,,,,,,,,,,,,,,,,,,,,,,,,,,,,,,,,,,,,,,,,,,,,,,,,,,,,,,,,,,,,,,,,,,,,,,,,,,,,,,,,,,,,,,,,,,,,,,,,,,,,,,,,,,,,,,,,,,,,,,,,,,,,,,,,,,,,,,,,,,,,,,,,,,,,,,,,,,,,,,,,,,,,,,,,,,,,,,,,,,,,,
E12K08,t1_coged_arm_1,nasatlx,3,,,,,,,,,,,,,,,,,18,17,18,13,18,12,2,,,,,,,,,,,,,,,,,,,,,,,,,,,,,,,,,,,,,,,,,,,,,,,,,,,,,,,,,,,,,,,,,,,,,,,,,,,,,,,,,,,,,,,,,,,,,,,,,,,,,,,,,,,,,,,,,,,,,,,,,,,,,,,,,,,,,,,,,,,,,,,,,,,,,,,,,,,,,,,,,,,,,,,,,,,,,,,,,,,,,,,,,,,,,,,,,,,,,,,,,,,,,,
E12K08,t1_coged_arm_1,nasatlx,4,,,,,,,,,,,,,,,,,20,18,19,13,20,14,2,,,,,,,,,,,,,,,,,,,,,,,,,,,,,,,,,,,,,,,,,,,,,,,,,,,,,,,,,,,,,,,,,,,,,,,,,,,,,,,,,,,,,,,,,,,,,,,,,,,,,,,,,,,,,,,,,,,,,,,,,,,,,,,,,,,,,,,,,,,,,,,,,,,,,,,,,,,,,,,,,,,,,,,,,,,,,,,,,,,,,,,,,,,,,,,,,,,,,,,,,,,,,,
F07I10,t1_coged_arm_1,,,F07I10,CS,2021-10-14,2,"2021-10-14 14:35:03",29,1,3,0,2,1,0,0,,2,,,,,,,,,F07I10_t1_ED.csv,F07I10_t1_nback.csv,F07I10_t1_randomchoice.csv,"Bin mir unsicher, ob Fragebögen zum richtigen Zeitpunkt ausgefüllt wurden",2,,,,,,,,,,,,,,,,,,,,,,,,,,,,,,,,,,,,,,,,,,,,,,,,,,,,,,,,,,,,,,,,,,,,,,,,,,,,,,,,,,,,,,,,,,,,,,,,,,,,,,,,,,,,,,,,,,,,,,,,,,,,,,,,,,,,,,,,,,,,,,,,,,,,,,,,,,,,,,,,,,,,,,,,,,,,,,,,,,,,,,,,,,,,,,,,,,,,,,,,,
F07I10,t2_ered_arm_1,,,,,,,,,,,,,,,,,,,,,,,,,,,,,,,F07I10,CS,2021-10-21,2,F07I10.eeg,F07I10.vhdr,F07I10.vmrk,F07I10_ER.csv,F07I10_ED.csv,,2,"2021-10-21 15:19:23",0,,1,,"War am einfachsten",0,,0,,,,2,,,,,,,,,,,,,,,,,,,,,,,,,,,,,,,,,,,,,,,,,,,,,,,,,,,,,,,,,,,,,,,,,,,,,,,,,,,,,,,,,,,,,,,,,,,,,,,,,,,,,,,,,,,,,,,,,,,,,,,,,,,,,,,,,,,,,,,,,,,,,,,,,,,,,,,,,,,,,,,,,,,,,,,,,,,,,,,,,
F07I10,t3_fb_arm_1,,,,,,,,,,,,,,,,,,,,,,,,,,,,,,,,,,,,,,,,,,,,,,,,,,,,,,,"2021-10-25 16:11:08"," +3"," +3"," +2"," +2"," +3",0,0," -1"," +1"," +1"," -1",0," +1"," +2",0,0,2,"2021-10-25 16:13:57",2,3,3,3,3,3,2,2,3,2,3,3,3,3,3,2,2,2,3,3,2,2,2,2,3,3,4,3,1,2,2,"2021-10-25 16:15:31",2,3,2,3,5,2,4,3,3,3,3,3,4,2,"2021-10-25 16:17:03",3,2,3,3,3,2,3,3,2,3,2,"2021-10-25 16:28:50",6,5,5,3,4,4,5,5,3,5,5,5,5,5,5,5,5,6,5,6,6,6,6,5,4,4,6,5,3,4,4,4,5,4,4,5,5,6,5,5,2,"2021-10-25 16:29:32",4,4,3,1,1,2,"2021-10-25 16:32:32",3,3,3,1,2,3,2,2,2,2,2,3,2,2,2,2,2,3,2,2,"2021-10-25 16:33:35",5,4,5,4,5,5,4,4,4,4,2,"2021-10-25 16:35:58",2,3,3,2,3,2,2,2,2,2,2,"2021-10-25 16:37:02",4,3,2,3,2
F07I10,t1_coged_arm_1,nasatlx,1,,,,,,,,,,,,,,,,"2021-10-14 14:45:57",2,1,1,18,3,1,2,,,,,,,,,,,,,,,,,,,,,,,,,,,,,,,,,,,,,,,,,,,,,,,,,,,,,,,,,,,,,,,,,,,,,,,,,,,,,,,,,,,,,,,,,,,,,,,,,,,,,,,,,,,,,,,,,,,,,,,,,,,,,,,,,,,,,,,,,,,,,,,,,,,,,,,,,,,,,,,,,,,,,,,,,,,,,,,,,,,,,,,,,,,,,,,,,,,,,,,,,,,,,,
F07I10,t1_coged_arm_1,nasatlx,2,,,,,,,,,,,,,,,,"2021-10-14 14:51:13",7,1,1,12,7,2,2,,,,,,,,,,,,,,,,,,,,,,,,,,,,,,,,,,,,,,,,,,,,,,,,,,,,,,,,,,,,,,,,,,,,,,,,,,,,,,,,,,,,,,,,,,,,,,,,,,,,,,,,,,,,,,,,,,,,,,,,,,,,,,,,,,,,,,,,,,,,,,,,,,,,,,,,,,,,,,,,,,,,,,,,,,,,,,,,,,,,,,,,,,,,,,,,,,,,,,,,,,,,,,
F07I10,t1_coged_arm_1,nasatlx,3,,,,,,,,,,,,,,,,"2021-10-14 15:10:35",17,1,4,5,18,13,2,,,,,,,,,,,,,,,,,,,,,,,,,,,,,,,,,,,,,,,,,,,,,,,,,,,,,,,,,,,,,,,,,,,,,,,,,,,,,,,,,,,,,,,,,,,,,,,,,,,,,,,,,,,,,,,,,,,,,,,,,,,,,,,,,,,,,,,,,,,,,,,,,,,,,,,,,,,,,,,,,,,,,,,,,,,,,,,,,,,,,,,,,,,,,,,,,,,,,,,,,,,,,,
F07I10,t1_coged_arm_1,nasatlx,4,,,,,,,,,,,,,,,,"2021-10-14 15:19:57",18,1,6,13,19,9,2,,,,,,,,,,,,,,,,,,,,,,,,,,,,,,,,,,,,,,,,,,,,,,,,,,,,,,,,,,,,,,,,,,,,,,,,,,,,,,,,,,,,,,,,,,,,,,,,,,,,,,,,,,,,,,,,,,,,,,,,,,,,,,,,,,,,,,,,,,,,,,,,,,,,,,,,,,,,,,,,,,,,,,,,,,,,,,,,,,,,,,,,,,,,,,,,,,,,,,,,,,,,,,
F30T02,t1_coged_arm_1,,,F30T02,JZ,2021-09-22,2,"2021-09-22 08:36:54",24,2,3,0,2,1,0,0,,2,,,,,,,,,F30T02_t1_ED_2021_Sep_22_0840.csv,F30T02_t1_nback_2021_Sep_22_0840.csv,F30T02_t1_randomchoice_2021_Sep_22_0840.csv,,2,,,,,,,,,,,,,,,,,,,,,,,,,,,,,,,,,,,,,,,,,,,,,,,,,,,,,,,,,,,,,,,,,,,,,,,,,,,,,,,,,,,,,,,,,,,,,,,,,,,,,,,,,,,,,,,,,,,,,,,,,,,,,,,,,,,,,,,,,,,,,,,,,,,,,,,,,,,,,,,,,,,,,,,,,,,,,,,,,,,,,,,,,,,,,,,,,,,,,,,,,
F30T02,t2_ered_arm_1,,,,,,,,,,,,,,,,,,,,,,,,,,,,,,,F30T02,CS,2021-09-29,2,F30T02.eeg,F30T02.vhdr,F30T02.vmrk,F30T02_ER_paradigm_2021_Sep_29_0852.csv,F30T02_ER_paradigm_2021_Sep_29_0852_1.csv,,2,"2021-09-29 09:20:58",0,,1,,"Empfand ich als einfacher ",1,"Erst positives, dann negatives. Am Ende viele ekelerregende Dinge bei der Unterdrückung ",0,,,,2,,,,,,,,,,,,,,,,,,,,,,,,,,,,,,,,,,,,,,,,,,,,,,,,,,,,,,,,,,,,,,,,,,,,,,,,,,,,,,,,,,,,,,,,,,,,,,,,,,,,,,,,,,,,,,,,,,,,,,,,,,,,,,,,,,,,,,,,,,,,,,,,,,,,,,,,,,,,,,,,,,,,,,,,,,,,,,,,,
F30T02,t3_fb_arm_1,,,,,,,,,,,,,,,,,,,,,,,,,,,,,,,,,,,,,,,,,,,,,,,,,,,,,,,"2021-10-01 11:35:18"," +2",0," -1"," -2"," +1"," -1",0," -1"," -2"," -2"," -1"," -2"," -1",0," -1"," -1",2,"2021-10-01 11:38:11",3,1,3,2,2,1,4,3,3,4,1,3,3,2,3,1,1,1,2,3,1,2,1,1,1,2,2,1,3,4,2,"2021-10-01 11:39:38",4,3,4,3,3,4,4,5,4,2,4,3,2,2,"2021-10-01 11:40:39",3,3,4,4,3,3,2,3,1,3,2,"2021-10-01 11:45:49",7,4,6,5,5,5,4,7,5,6,3,6,6,3,6,6,6,6,6,6,6,3,4,3,4,4,4,5,5,5,3,4,5,2,5,4,4,4,4,4,2,"2021-10-01 11:46:14",4,3,4,4,4,2,"2021-10-01 11:48:15",2,1,2,3,2,3,2,2,3,2,2,3,3,3,2,2,3,3,2,2,"2021-10-01 11:49:19",6,5,5,6,7,6,5,4,6,6,2,,,,,,,,,,,,0,,,,,,0
F30T02,t1_coged_arm_1,nasatlx,1,,,,,,,,,,,,,,,,"2021-09-22 08:49:27",,,,,,,2,,,,,,,,,,,,,,,,,,,,,,,,,,,,,,,,,,,,,,,,,,,,,,,,,,,,,,,,,,,,,,,,,,,,,,,,,,,,,,,,,,,,,,,,,,,,,,,,,,,,,,,,,,,,,,,,,,,,,,,,,,,,,,,,,,,,,,,,,,,,,,,,,,,,,,,,,,,,,,,,,,,,,,,,,,,,,,,,,,,,,,,,,,,,,,,,,,,,,,,,,,,,,,
F30T02,t1_coged_arm_1,nasatlx,2,,,,,,,,,,,,,,,,"2021-09-22 08:58:14",16,1,13,3,11,14,2,,,,,,,,,,,,,,,,,,,,,,,,,,,,,,,,,,,,,,,,,,,,,,,,,,,,,,,,,,,,,,,,,,,,,,,,,,,,,,,,,,,,,,,,,,,,,,,,,,,,,,,,,,,,,,,,,,,,,,,,,,,,,,,,,,,,,,,,,,,,,,,,,,,,,,,,,,,,,,,,,,,,,,,,,,,,,,,,,,,,,,,,,,,,,,,,,,,,,,,,,,,,,,
F30T02,t1_coged_arm_1,nasatlx,3,,,,,,,,,,,,,,,,"2021-09-22 09:07:03",16,2,13,6,13,9,2,,,,,,,,,,,,,,,,,,,,,,,,,,,,,,,,,,,,,,,,,,,,,,,,,,,,,,,,,,,,,,,,,,,,,,,,,,,,,,,,,,,,,,,,,,,,,,,,,,,,,,,,,,,,,,,,,,,,,,,,,,,,,,,,,,,,,,,,,,,,,,,,,,,,,,,,,,,,,,,,,,,,,,,,,,,,,,,,,,,,,,,,,,,,,,,,,,,,,,,,,,,,,,
F30T02,t1_coged_arm_1,nasatlx,4,,,,,,,,,,,,,,,,"2021-09-22 09:15:43",18,3,9,3,14,4,2,,,,,,,,,,,,,,,,,,,,,,,,,,,,,,,,,,,,,,,,,,,,,,,,,,,,,,,,,,,,,,,,,,,,,,,,,,,,,,,,,,,,,,,,,,,,,,,,,,,,,,,,,,,,,,,,,,,,,,,,,,,,,,,,,,,,,,,,,,,,,,,,,,,,,,,,,,,,,,,,,,,,,,,,,,,,,,,,,,,,,,,,,,,,,,,,,,,,,,,,,,,,,,
G14E11,t1_coged_arm_1,,,G14E11,JZ,2021-10-18,2,"2021-10-18 08:33:34",,,,,2,1,0,0,,2,,,,,,,,,G14E11_t1_ED.csv,G14E11_t1_nback.csv,G14E11_t1_randomchoice.csv,,2,,,,,,,,,,,,,,,,,,,,,,,,,,,,,,,,,,,,,,,,,,,,,,,,,,,,,,,,,,,,,,,,,,,,,,,,,,,,,,,,,,,,,,,,,,,,,,,,,,,,,,,,,,,,,,,,,,,,,,,,,,,,,,,,,,,,,,,,,,,,,,,,,,,,,,,,,,,,,,,,,,,,,,,,,,,,,,,,,,,,,,,,,,,,,,,,,,,,,,,,,
G14E11,t2_ered_arm_1,,,,,,,,,,,,,,,,,,,,,,,,,,,,,,,G14E11,JZ,2021-10-25,2,G14E11.eeg,G14E11.vhdr,G14E11.vmrk,G14E11_ER.csv,G14E11_ED.csv,,2,"2021-10-25 09:12:35",1,"Das es Spaß macht, beim Distanzieren auf kleinere Details zu achten, um die Situation neutral besser beobachten zu können.",1,,"Weil ich es mehr mag, Gründe für Emotionen bzw. deren Auslöser zu finden, als mich stumpf abzulenken. Nicht jedes Bild ist das, was es zu sein scheint. Besonders die medizinischen Bilder haben in mir eher Interesse am Fall geweckt.",0,,0,,,,2,,,,,,,,,,,,,,,,,,,,,,,,,,,,,,,,,,,,,,,,,,,,,,,,,,,,,,,,,,,,,,,,,,,,,,,,,,,,,,,,,,,,,,,,,,,,,,,,,,,,,,,,,,,,,,,,,,,,,,,,,,,,,,,,,,,,,,,,,,,,,,,,,,,,,,,,,,,,,,,,,,,,,,,,,,,,,,,,,
G14E11,t3_fb_arm_1,,,,,,,,,,,,,,,,,,,,,,,,,,,,,,,,,,,,,,,,,,,,,,,,,,,,,,,"2021-11-08 22:37:00"," +2"," +1"," +1"," -3"," +2",0," -2"," -2"," -3"," -1"," +1"," -2"," +1"," +1"," -2"," -2",2,"2021-11-08 22:40:33",3,2,2,3,1,2,2,4,4,2,1,4,3,2,3,1,2,2,1,3,1,3,2,1,1,2,4,1,2,2,2,"2021-11-08 22:42:02",4,3,3,2,4,3,2,3,4,2,4,2,1,2,"2021-11-08 22:43:10",4,3,4,4,2,3,2,3,1,3,2,"2021-11-08 22:49:14",5,3,5,2,6,5,6,7,6,7,4,6,6,6,7,4,6,6,5,7,5,7,4,6,6,6,7,6,6,6,4,7,6,6,6,4,6,6,6,6,2,"2021-11-08 22:49:58",4,3,4,2,4,2,"2021-11-08 22:53:20",2,1,2,3,3,2,2,2,3,2,2,3,2,2,2,3,3,3,1,2,"2021-11-08 22:54:16",6,5,5,5,7,6,6,5,6,7,2,"2021-11-08 22:55:56",2,2,2,2,2,2,4,1,2,2,2,"2021-11-08 22:57:00",6,1,2,2,2
G14E11,t1_coged_arm_1,nasatlx,1,,,,,,,,,,,,,,,,"2021-10-18 08:46:03",5,5,5,16,5,4,2,,,,,,,,,,,,,,,,,,,,,,,,,,,,,,,,,,,,,,,,,,,,,,,,,,,,,,,,,,,,,,,,,,,,,,,,,,,,,,,,,,,,,,,,,,,,,,,,,,,,,,,,,,,,,,,,,,,,,,,,,,,,,,,,,,,,,,,,,,,,,,,,,,,,,,,,,,,,,,,,,,,,,,,,,,,,,,,,,,,,,,,,,,,,,,,,,,,,,,,,,,,,,,
G14E11,t1_coged_arm_1,nasatlx,2,,,,,,,,,,,,,,,,"2021-10-18 08:55:05",8,4,7,15,9,7,2,,,,,,,,,,,,,,,,,,,,,,,,,,,,,,,,,,,,,,,,,,,,,,,,,,,,,,,,,,,,,,,,,,,,,,,,,,,,,,,,,,,,,,,,,,,,,,,,,,,,,,,,,,,,,,,,,,,,,,,,,,,,,,,,,,,,,,,,,,,,,,,,,,,,,,,,,,,,,,,,,,,,,,,,,,,,,,,,,,,,,,,,,,,,,,,,,,,,,,,,,,,,,,
G14E11,t1_coged_arm_1,nasatlx,3,,,,,,,,,,,,,,,,"2021-10-18 09:04:12",13,4,12,12,14,9,2,,,,,,,,,,,,,,,,,,,,,,,,,,,,,,,,,,,,,,,,,,,,,,,,,,,,,,,,,,,,,,,,,,,,,,,,,,,,,,,,,,,,,,,,,,,,,,,,,,,,,,,,,,,,,,,,,,,,,,,,,,,,,,,,,,,,,,,,,,,,,,,,,,,,,,,,,,,,,,,,,,,,,,,,,,,,,,,,,,,,,,,,,,,,,,,,,,,,,,,,,,,,,,
G14E11,t1_coged_arm_1,nasatlx,4,,,,,,,,,,,,,,,,"2021-10-18 09:13:03",17,4,13,16,14,11,2,,,,,,,,,,,,,,,,,,,,,,,,,,,,,,,,,,,,,,,,,,,,,,,,,,,,,,,,,,,,,,,,,,,,,,,,,,,,,,,,,,,,,,,,,,,,,,,,,,,,,,,,,,,,,,,,,,,,,,,,,,,,,,,,,,,,,,,,,,,,,,,,,,,,,,,,,,,,,,,,,,,,,,,,,,,,,,,,,,,,,,,,,,,,,,,,,,,,,,,,,,,,,,
G24T03,t1_coged_arm_1,,,G24T03,JZ,2021-10-19,2,"2021-10-19 09:55:52",26,1,3,0,2,1,0,0,,2,,,,,,,,,G24T03_t1_ED.csv,G24T03_t1_nback.csv,G24T03_t1_randomchoice.csv,,2,,,,,,,,,,,,,,,,,,,,,,,,,,,,,,,,,,,,,,,,,,,,,,,,,,,,,,,,,,,,,,,,,,,,,,,,,,,,,,,,,,,,,,,,,,,,,,,,,,,,,,,,,,,,,,,,,,,,,,,,,,,,,,,,,,,,,,,,,,,,,,,,,,,,,,,,,,,,,,,,,,,,,,,,,,,,,,,,,,,,,,,,,,,,,,,,,,,,,,,,,
G24T03,t2_ered_arm_1,,,,,,,,,,,,,,,,,,,,,,,,,,,,,,,G24T03,JZ,2021-10-26,2,G24T03.eeg,G24T03.vhdr,G24T03.vmrk,G24T03_ER.csv,G24T03_ED.csv,,2,"2021-10-26 10:58:09",1,"Regungen im Gesicht",1,,"Durch Ausschluss der anderen Optionen. Versuch der Einnahme der Beobachterposition ist am einfachsten",1,"Scheinbar emotionslose Gegenstände (Stuhl, Hocker) sind dabei- können aber auch mit Erinnerung verknüpft sein",0,,,,2,,,,,,,,,,,,,,,,,,,,,,,,,,,,,,,,,,,,,,,,,,,,,,,,,,,,,,,,,,,,,,,,,,,,,,,,,,,,,,,,,,,,,,,,,,,,,,,,,,,,,,,,,,,,,,,,,,,,,,,,,,,,,,,,,,,,,,,,,,,,,,,,,,,,,,,,,,,,,,,,,,,,,,,,,,,,,,,,,
G24T03,t3_fb_arm_1,,,,,,,,,,,,,,,,,,,,,,,,,,,,,,,,,,,,,,,,,,,,,,,,,,,,,,,"2021-10-28 19:34:18"," +3"," +3"," +2"," -3"," +3"," +2"," -2"," -3"," -2"," -3"," -3"," -3"," +1"," +2"," -2"," -2",2,"2021-10-28 19:37:26",4,1,3,2,2,2,3,4,3,4,1,4,3,2,4,2,1,1,2,3,1,2,3,1,1,1,2,2,2,3,2,"2021-10-28 19:39:04",5,2,5,2,2,4,1,4,5,2,5,1,1,2,"2021-10-28 19:40:31",4,3,4,4,2,3,3,3,1,4,2,"2021-10-28 19:47:43",2,5,2,3,4,5,6,5,5,5,1,5,7,3,4,2,3,7,3,7,7,7,7,4,6,5,6,6,7,7,3,5,7,5,6,3,5,7,4,6,2,"2021-10-28 19:48:40",1,4,1,0,2,2,"2021-10-28 19:51:37",3,2,1,1,3,2,1,3,2,3,1,4,1,4,2,3,3,2,2,2,"2021-10-28 19:52:54",6,5,6,6,6,7,6,7,7,7,2,"2021-10-28 19:54:43",1,1,2,1,1,2,3,1,1,1,2,"2021-10-28 19:56:10",6,6,1,3,2
G24T03,t1_coged_arm_1,nasatlx,1,,,,,,,,,,,,,,,,"2021-10-19 10:09:11",3,4,3,11,7,3,2,,,,,,,,,,,,,,,,,,,,,,,,,,,,,,,,,,,,,,,,,,,,,,,,,,,,,,,,,,,,,,,,,,,,,,,,,,,,,,,,,,,,,,,,,,,,,,,,,,,,,,,,,,,,,,,,,,,,,,,,,,,,,,,,,,,,,,,,,,,,,,,,,,,,,,,,,,,,,,,,,,,,,,,,,,,,,,,,,,,,,,,,,,,,,,,,,,,,,,,,,,,,,,
G24T03,t1_coged_arm_1,nasatlx,2,,,,,,,,,,,,,,,,"2021-10-19 10:19:09",10,5,4,11,10,3,2,,,,,,,,,,,,,,,,,,,,,,,,,,,,,,,,,,,,,,,,,,,,,,,,,,,,,,,,,,,,,,,,,,,,,,,,,,,,,,,,,,,,,,,,,,,,,,,,,,,,,,,,,,,,,,,,,,,,,,,,,,,,,,,,,,,,,,,,,,,,,,,,,,,,,,,,,,,,,,,,,,,,,,,,,,,,,,,,,,,,,,,,,,,,,,,,,,,,,,,,,,,,,,
G24T03,t1_coged_arm_1,nasatlx,3,,,,,,,,,,,,,,,,"2021-10-19 10:29:29",14,3,8,7,16,4,2,,,,,,,,,,,,,,,,,,,,,,,,,,,,,,,,,,,,,,,,,,,,,,,,,,,,,,,,,,,,,,,,,,,,,,,,,,,,,,,,,,,,,,,,,,,,,,,,,,,,,,,,,,,,,,,,,,,,,,,,,,,,,,,,,,,,,,,,,,,,,,,,,,,,,,,,,,,,,,,,,,,,,,,,,,,,,,,,,,,,,,,,,,,,,,,,,,,,,,,,,,,,,,
G24T03,t1_coged_arm_1,nasatlx,4,,,,,,,,,,,,,,,,"2021-10-19 10:40:30",15,3,9,9,14,5,2,,,,,,,,,,,,,,,,,,,,,,,,,,,,,,,,,,,,,,,,,,,,,,,,,,,,,,,,,,,,,,,,,,,,,,,,,,,,,,,,,,,,,,,,,,,,,,,,,,,,,,,,,,,,,,,,,,,,,,,,,,,,,,,,,,,,,,,,,,,,,,,,,,,,,,,,,,,,,,,,,,,,,,,,,,,,,,,,,,,,,,,,,,,,,,,,,,,,,,,,,,,,,,
H02N01,t1_coged_arm_1,,,H02N01,CS,2021-10-20,2,"2021-10-20 10:07:29",26,2,3,0,2,1,0,0,,2,,,,,,,,,H02N01_t1_ED.csv,H02N01_t1_nback.csv,H02N01_t1_randomchoice.csv,,2,,,,,,,,,,,,,,,,,,,,,,,,,,,,,,,,,,,,,,,,,,,,,,,,,,,,,,,,,,,,,,,,,,,,,,,,,,,,,,,,,,,,,,,,,,,,,,,,,,,,,,,,,,,,,,,,,,,,,,,,,,,,,,,,,,,,,,,,,,,,,,,,,,,,,,,,,,,,,,,,,,,,,,,,,,,,,,,,,,,,,,,,,,,,,,,,,,,,,,,,,
H02N01,t2_ered_arm_1,,,,,,,,,,,,,,,,,,,,,,,,,,,,,,,H02N01,CS,2021-10-27,2,H02N01.eeg,H02N01.vhdr,H02N01.vmrk,H02N01_ER.csv,H02N01_ED.csv,,2,"2021-10-27 10:49:00",0,,1,,"Viel mir am einfachsten",0,,0,,,,2,,,,,,,,,,,,,,,,,,,,,,,,,,,,,,,,,,,,,,,,,,,,,,,,,,,,,,,,,,,,,,,,,,,,,,,,,,,,,,,,,,,,,,,,,,,,,,,,,,,,,,,,,,,,,,,,,,,,,,,,,,,,,,,,,,,,,,,,,,,,,,,,,,,,,,,,,,,,,,,,,,,,,,,,,,,,,,,,,
H02N01,t3_fb_arm_1,,,,,,,,,,,,,,,,,,,,,,,,,,,,,,,,,,,,,,,,,,,,,,,,,,,,,,,"2021-10-29 14:05:53"," +2",0,0," -2"," +3"," -3"," -2"," -3"," -3"," -3"," -3"," -3"," +1",0," -3"," -3",2,"2021-10-29 14:07:42",4,1,3,3,1,1,4,3,4,4,2,4,4,1,4,1,2,1,1,4,1,2,1,1,1,1,1,2,4,4,2,"2021-10-29 14:08:26",4,3,5,2,3,4,3,4,5,1,5,3,2,2,"2021-10-29 14:09:02",4,4,4,4,1,4,2,4,1,4,2,"2021-10-29 14:14:16",6,5,7,1,6,1,7,,4,6,1,7,6,6,6,1,5,5,6,6,7,7,6,4,5,6,6,,5,6,4,7,6,7,5,4,6,6,7,6,2,"2021-10-29 14:14:36",4,5,5,5,5,2,"2021-10-29 14:16:02",2,1,1,3,2,2,1,2,4,1,1,3,4,1,2,3,3,4,2,2,"2021-10-29 14:16:34",6,7,6,6,6,7,7,6,7,7,2,"2021-10-29 14:18:05",1,2,2,1,1,2,4,3,2,1,2,"2021-10-29 14:19:05",5,4,5,4,2
H02N01,t1_coged_arm_1,nasatlx,1,,,,,,,,,,,,,,,,"2021-10-20 10:19:25",2,1,1,20,2,1,2,,,,,,,,,,,,,,,,,,,,,,,,,,,,,,,,,,,,,,,,,,,,,,,,,,,,,,,,,,,,,,,,,,,,,,,,,,,,,,,,,,,,,,,,,,,,,,,,,,,,,,,,,,,,,,,,,,,,,,,,,,,,,,,,,,,,,,,,,,,,,,,,,,,,,,,,,,,,,,,,,,,,,,,,,,,,,,,,,,,,,,,,,,,,,,,,,,,,,,,,,,,,,,
H02N01,t1_coged_arm_1,nasatlx,2,,,,,,,,,,,,,,,,"2021-10-20 10:28:29",5,1,1,18,3,1,2,,,,,,,,,,,,,,,,,,,,,,,,,,,,,,,,,,,,,,,,,,,,,,,,,,,,,,,,,,,,,,,,,,,,,,,,,,,,,,,,,,,,,,,,,,,,,,,,,,,,,,,,,,,,,,,,,,,,,,,,,,,,,,,,,,,,,,,,,,,,,,,,,,,,,,,,,,,,,,,,,,,,,,,,,,,,,,,,,,,,,,,,,,,,,,,,,,,,,,,,,,,,,,
H02N01,t1_coged_arm_1,nasatlx,3,,,,,,,,,,,,,,,,"2021-10-20 10:37:58",6,1,1,15,7,3,2,,,,,,,,,,,,,,,,,,,,,,,,,,,,,,,,,,,,,,,,,,,,,,,,,,,,,,,,,,,,,,,,,,,,,,,,,,,,,,,,,,,,,,,,,,,,,,,,,,,,,,,,,,,,,,,,,,,,,,,,,,,,,,,,,,,,,,,,,,,,,,,,,,,,,,,,,,,,,,,,,,,,,,,,,,,,,,,,,,,,,,,,,,,,,,,,,,,,,,,,,,,,,,
H02N01,t1_coged_arm_1,nasatlx,4,,,,,,,,,,,,,,,,"2021-10-20 10:47:41",13,1,5,7,14,16,2,,,,,,,,,,,,,,,,,,,,,,,,,,,,,,,,,,,,,,,,,,,,,,,,,,,,,,,,,,,,,,,,,,,,,,,,,,,,,,,,,,,,,,,,,,,,,,,,,,,,,,,,,,,,,,,,,,,,,,,,,,,,,,,,,,,,,,,,,,,,,,,,,,,,,,,,,,,,,,,,,,,,,,,,,,,,,,,,,,,,,,,,,,,,,,,,,,,,,,,,,,,,,,
H21R03,t1_coged_arm_1,,,H21R03,CS,2021-10-13,2,"2021-10-13 11:37:42",20,2,3,0,2,1,0,0,,2,,,,,,,,,H21R03_t1_ED_2021_Oct_13_1140.csv,H21R03_t1_nback_2021_Oct_13_1140.csv,H21R03_t1_randomchoice_2021_Oct_13_1140.csv,,2,,,,,,,,,,,,,,,,,,,,,,,,,,,,,,,,,,,,,,,,,,,,,,,,,,,,,,,,,,,,,,,,,,,,,,,,,,,,,,,,,,,,,,,,,,,,,,,,,,,,,,,,,,,,,,,,,,,,,,,,,,,,,,,,,,,,,,,,,,,,,,,,,,,,,,,,,,,,,,,,,,,,,,,,,,,,,,,,,,,,,,,,,,,,,,,,,,,,,,,,,
H21R03,t2_ered_arm_1,,,,,,,,,,,,,,,,,,,,,,,,,,,,,,,H21R03,JZ,2021-10-27,2,H21R03.eeg,H21R03.vhdr,H21R03.vmrk,H21R03_ER.csv,H21R03_ED.csv,,2,"2021-10-27 12:09:30",0,,1,,"War meines Erachtens nach die einfachste und alltäglichste also geübteste strategie",0,,0,,,,2,,,,,,,,,,,,,,,,,,,,,,,,,,,,,,,,,,,,,,,,,,,,,,,,,,,,,,,,,,,,,,,,,,,,,,,,,,,,,,,,,,,,,,,,,,,,,,,,,,,,,,,,,,,,,,,,,,,,,,,,,,,,,,,,,,,,,,,,,,,,,,,,,,,,,,,,,,,,,,,,,,,,,,,,,,,,,,,,,
H21R03,t3_fb_arm_1,,,,,,,,,,,,,,,,,,,,,,,,,,,,,,,,,,,,,,,,,,,,,,,,,,,,,,,"2021-10-29 14:37:15"," +2"," +1"," +2"," -2"," +3"," -2"," -2",0," +1"," +1"," -2"," -3"," +2",0," -2"," -2",2,"2021-10-29 14:40:19",2,3,2,2,1,3,2,3,4,3,1,3,1,2,2,1,3,1,3,2,1,1,1,2,1,1,2,1,3,2,2,"2021-10-29 14:48:21",2,2,5,4,4,2,5,2,1,2,5,5,4,2,"2021-10-29 14:53:36",3,2,2,3,4,3,3,2,3,3,2,"2021-10-29 15:12:43",4,3,4,2,3,4,6,2,5,6,2,,3,6,5,6,6,3,7,3,5,6,5,4,3,5,3,4,3,4,1,,2,5,2,7,6,1,4,2,2,"2021-10-29 15:16:15",4,1,4,1,3,2,"2021-10-29 15:29:01",1,2,3,4,2,3,2,4,3,2,3,4,1,3,2,1,1,3,3,2,"2021-10-29 15:31:43",6,5,6,2,5,7,3,5,3,4,2,"2021-10-29 15:34:41",3,2,4,3,3,2,1,3,4,4,2,"2021-10-29 15:36:07",1,5,2,5,2
H21R03,t1_coged_arm_1,nasatlx,1,,,,,,,,,,,,,,,,"2021-10-13 11:51:27",3,1,4,19,5,2,2,,,,,,,,,,,,,,,,,,,,,,,,,,,,,,,,,,,,,,,,,,,,,,,,,,,,,,,,,,,,,,,,,,,,,,,,,,,,,,,,,,,,,,,,,,,,,,,,,,,,,,,,,,,,,,,,,,,,,,,,,,,,,,,,,,,,,,,,,,,,,,,,,,,,,,,,,,,,,,,,,,,,,,,,,,,,,,,,,,,,,,,,,,,,,,,,,,,,,,,,,,,,,,
H21R03,t1_coged_arm_1,nasatlx,2,,,,,,,,,,,,,,,,"2021-10-13 12:00:20",11,4,6,10,11,7,2,,,,,,,,,,,,,,,,,,,,,,,,,,,,,,,,,,,,,,,,,,,,,,,,,,,,,,,,,,,,,,,,,,,,,,,,,,,,,,,,,,,,,,,,,,,,,,,,,,,,,,,,,,,,,,,,,,,,,,,,,,,,,,,,,,,,,,,,,,,,,,,,,,,,,,,,,,,,,,,,,,,,,,,,,,,,,,,,,,,,,,,,,,,,,,,,,,,,,,,,,,,,,,
H21R03,t1_coged_arm_1,nasatlx,3,,,,,,,,,,,,,,,,"2021-10-13 12:09:09",15,9,6,15,16,4,2,,,,,,,,,,,,,,,,,,,,,,,,,,,,,,,,,,,,,,,,,,,,,,,,,,,,,,,,,,,,,,,,,,,,,,,,,,,,,,,,,,,,,,,,,,,,,,,,,,,,,,,,,,,,,,,,,,,,,,,,,,,,,,,,,,,,,,,,,,,,,,,,,,,,,,,,,,,,,,,,,,,,,,,,,,,,,,,,,,,,,,,,,,,,,,,,,,,,,,,,,,,,,,
H21R03,t1_coged_arm_1,nasatlx,4,,,,,,,,,,,,,,,,"2021-10-13 12:17:50",20,4,15,9,13,10,2,,,,,,,,,,,,,,,,,,,,,,,,,,,,,,,,,,,,,,,,,,,,,,,,,,,,,,,,,,,,,,,,,,,,,,,,,,,,,,,,,,,,,,,,,,,,,,,,,,,,,,,,,,,,,,,,,,,,,,,,,,,,,,,,,,,,,,,,,,,,,,,,,,,,,,,,,,,,,,,,,,,,,,,,,,,,,,,,,,,,,,,,,,,,,,,,,,,,,,,,,,,,,,
M05D02,t1_coged_arm_1,,,M05D02,CS,2021-10-07,2,"2021-10-07 15:36:13",27,1,3,0,2,1,0,0,,2,,,,,,,,,M05D02_t1_ED_2021_Oct_07_1538.csv,M05D02_t1_nback_2021_Oct_07_1538.csv,M05D02_t1_nback_2021_Oct_07_1538.psydat,,2,,,,,,,,,,,,,,,,,,,,,,,,,,,,,,,,,,,,,,,,,,,,,,,,,,,,,,,,,,,,,,,,,,,,,,,,,,,,,,,,,,,,,,,,,,,,,,,,,,,,,,,,,,,,,,,,,,,,,,,,,,,,,,,,,,,,,,,,,,,,,,,,,,,,,,,,,,,,,,,,,,,,,,,,,,,,,,,,,,,,,,,,,,,,,,,,,,,,,,,,,
M05D02,t2_ered_arm_1,,,,,,,,,,,,,,,,,,,,,,,,,,,,,,,M05D02,CS,2021-10-14,2,M05D02.eeg,M05D02.vhdr,M05D02.vmrk,M05D02_ER.csv,M05D02_ED.csv,,2,"2021-10-14 16:21:30",0,,1,,"Einfach zu realisieren ",0,,0,,,,2,,,,,,,,,,,,,,,,,,,,,,,,,,,,,,,,,,,,,,,,,,,,,,,,,,,,,,,,,,,,,,,,,,,,,,,,,,,,,,,,,,,,,,,,,,,,,,,,,,,,,,,,,,,,,,,,,,,,,,,,,,,,,,,,,,,,,,,,,,,,,,,,,,,,,,,,,,,,,,,,,,,,,,,,,,,,,,,,,
M05D02,t3_fb_arm_1,,,,,,,,,,,,,,,,,,,,,,,,,,,,,,,,,,,,,,,,,,,,,,,,,,,,,,,"2021-10-25 11:31:51"," +2"," +2"," +1"," -2"," +2",0," -1"," -1"," -1"," -1"," -1"," -2"," +1",0," -3"," -3",2,"2021-10-25 11:33:24",3,3,2,3,2,2,3,2,2,3,2,3,2,2,2,2,2,1,2,2,1,1,2,1,1,2,1,1,2,2,2,"2021-10-25 11:34:08",2,2,3,3,3,2,4,2,3,3,4,4,4,2,"2021-10-25 11:34:46",3,3,2,2,2,3,2,3,2,3,2,"2021-10-25 13:03:31",6,6,6,2,2,2,3,3,5,2,2,5,3,3,3,3,3,3,2,2,5,6,,2,2,,3,3,4,2,2,4,2,3,2,2,2,2,2,2,2,"2021-10-25 13:03:48",4,3,3,2,3,2,"2021-10-25 13:05:06",3,2,2,2,2,3,2,2,2,2,1,3,1,3,2,2,2,2,1,2,"2021-10-25 13:06:32",3,3,2,5,5,5,4,3,5,4,2,"2021-10-25 13:07:30",3,4,3,3,2,2,3,3,4,2,2,"2021-10-25 13:08:40",5,4,3,5,2
M05D02,t1_coged_arm_1,nasatlx,1,,,,,,,,,,,,,,,,"2021-10-07 15:50:00",5,3,2,17,5,2,2,,,,,,,,,,,,,,,,,,,,,,,,,,,,,,,,,,,,,,,,,,,,,,,,,,,,,,,,,,,,,,,,,,,,,,,,,,,,,,,,,,,,,,,,,,,,,,,,,,,,,,,,,,,,,,,,,,,,,,,,,,,,,,,,,,,,,,,,,,,,,,,,,,,,,,,,,,,,,,,,,,,,,,,,,,,,,,,,,,,,,,,,,,,,,,,,,,,,,,,,,,,,,,
M05D02,t1_coged_arm_1,nasatlx,2,,,,,,,,,,,,,,,,"2021-10-07 15:58:28",9,4,4,17,6,3,2,,,,,,,,,,,,,,,,,,,,,,,,,,,,,,,,,,,,,,,,,,,,,,,,,,,,,,,,,,,,,,,,,,,,,,,,,,,,,,,,,,,,,,,,,,,,,,,,,,,,,,,,,,,,,,,,,,,,,,,,,,,,,,,,,,,,,,,,,,,,,,,,,,,,,,,,,,,,,,,,,,,,,,,,,,,,,,,,,,,,,,,,,,,,,,,,,,,,,,,,,,,,,,
M05D02,t1_coged_arm_1,nasatlx,3,,,,,,,,,,,,,,,,"2021-10-07 16:07:00",17,11,16,15,15,10,2,,,,,,,,,,,,,,,,,,,,,,,,,,,,,,,,,,,,,,,,,,,,,,,,,,,,,,,,,,,,,,,,,,,,,,,,,,,,,,,,,,,,,,,,,,,,,,,,,,,,,,,,,,,,,,,,,,,,,,,,,,,,,,,,,,,,,,,,,,,,,,,,,,,,,,,,,,,,,,,,,,,,,,,,,,,,,,,,,,,,,,,,,,,,,,,,,,,,,,,,,,,,,,
M05D02,t1_coged_arm_1,nasatlx,4,,,,,,,,,,,,,,,,"2021-10-07 16:15:32",18,14,15,16,17,14,2,,,,,,,,,,,,,,,,,,,,,,,,,,,,,,,,,,,,,,,,,,,,,,,,,,,,,,,,,,,,,,,,,,,,,,,,,,,,,,,,,,,,,,,,,,,,,,,,,,,,,,,,,,,,,,,,,,,,,,,,,,,,,,,,,,,,,,,,,,,,,,,,,,,,,,,,,,,,,,,,,,,,,,,,,,,,,,,,,,,,,,,,,,,,,,,,,,,,,,,,,,,,,,
M28B11,t1_coged_arm_1,,,M28B11,CS,2021-10-13,2,"2021-10-13 13:08:47",20,2,3,0,2,1,0,0,,2,,,,,,,,,M28B11_t1_ED_2021_Oct_13_1310.csv,M28B11_t1_nback_2021_Oct_13_1310.csv,M28B11_t1_randomchoice_2021_Oct_13_1310.csv,"Verständnisprobleme für n-Back - nach 2 Back geklärt!",2,,,,,,,,,,,,,,,,,,,,,,,,,,,,,,,,,,,,,,,,,,,,,,,,,,,,,,,,,,,,,,,,,,,,,,,,,,,,,,,,,,,,,,,,,,,,,,,,,,,,,,,,,,,,,,,,,,,,,,,,,,,,,,,,,,,,,,,,,,,,,,,,,,,,,,,,,,,,,,,,,,,,,,,,,,,,,,,,,,,,,,,,,,,,,,,,,,,,,,,,,
M28B11,t2_ered_arm_1,,,,,,,,,,,,,,,,,,,,,,,,,,,,,,,M28B11,JZ,2021-10-20,2,M28B11.eeg,M28B11.vhdr,M28B11.vmrk,M28B11_ER.csv,M05D02_ED.csv,,2,"2021-10-20 13:54:07",0,,1,,"Weil ich mich nur auf die Aufgabe konzentriert habe, meine Gesichtsausdrücke  gleich zu behalten",0,,0,,,,2,,,,,,,,,,,,,,,,,,,,,,,,,,,,,,,,,,,,,,,,,,,,,,,,,,,,,,,,,,,,,,,,,,,,,,,,,,,,,,,,,,,,,,,,,,,,,,,,,,,,,,,,,,,,,,,,,,,,,,,,,,,,,,,,,,,,,,,,,,,,,,,,,,,,,,,,,,,,,,,,,,,,,,,,,,,,,,,,,
M28B11,t3_fb_arm_1,,,,,,,,,,,,,,,,,,,,,,,,,,,,,,,,,,,,,,,,,,,,,,,,,,,,,,,"2021-10-23 08:48:22",0," -2"," +1"," -2"," +1"," -1"," -1"," +1"," -3"," -2"," -3"," -2",0,0," -3"," -3",2,"2021-10-23 08:53:12",3,2,3,1,1,3,3,3,2,4,2,3,3,1,3,2,2,2,2,3,3,2,2,2,1,3,3,3,2,2,2,"2021-10-23 08:55:33",4,2,4,2,2,3,2,3,4,3,4,2,2,2,"2021-10-23 08:57:17",3,3,2,3,2,3,3,3,2,3,2,"2021-10-23 09:14:08",7,4,6,1,4,2,7,4,3,5,4,4,3,4,3,4,3,4,4,4,6,6,4,1,5,4,7,6,5,7,5,6,3,3,3,5,3,5,5,7,2,"2021-10-23 09:14:52",3,3,3,3,3,2,"2021-10-23 09:23:25",3,2,2,1,1,4,2,2,3,2,2,3,1,2,2,2,2,2,1,2,"2021-10-23 09:25:04",5,4,4,5,7,7,5,5,7,7,2,"2021-10-23 09:27:18",2,2,2,2,2,2,3,3,2,1,2,"2021-10-23 09:28:47",5,4,2,4,2
M28B11,t1_coged_arm_1,nasatlx,1,,,,,,,,,,,,,,,,"2021-10-13 13:24:15",8,2,5,14,8,3,2,,,,,,,,,,,,,,,,,,,,,,,,,,,,,,,,,,,,,,,,,,,,,,,,,,,,,,,,,,,,,,,,,,,,,,,,,,,,,,,,,,,,,,,,,,,,,,,,,,,,,,,,,,,,,,,,,,,,,,,,,,,,,,,,,,,,,,,,,,,,,,,,,,,,,,,,,,,,,,,,,,,,,,,,,,,,,,,,,,,,,,,,,,,,,,,,,,,,,,,,,,,,,,
M28B11,t1_coged_arm_1,nasatlx,2,,,,,,,,,,,,,,,,"2021-10-13 13:38:51",11,5,15,5,11,16,2,,,,,,,,,,,,,,,,,,,,,,,,,,,,,,,,,,,,,,,,,,,,,,,,,,,,,,,,,,,,,,,,,,,,,,,,,,,,,,,,,,,,,,,,,,,,,,,,,,,,,,,,,,,,,,,,,,,,,,,,,,,,,,,,,,,,,,,,,,,,,,,,,,,,,,,,,,,,,,,,,,,,,,,,,,,,,,,,,,,,,,,,,,,,,,,,,,,,,,,,,,,,,,
M28B11,t1_coged_arm_1,nasatlx,3,,,,,,,,,,,,,,,,"2021-10-13 13:49:04",18,12,19,17,16,20,2,,,,,,,,,,,,,,,,,,,,,,,,,,,,,,,,,,,,,,,,,,,,,,,,,,,,,,,,,,,,,,,,,,,,,,,,,,,,,,,,,,,,,,,,,,,,,,,,,,,,,,,,,,,,,,,,,,,,,,,,,,,,,,,,,,,,,,,,,,,,,,,,,,,,,,,,,,,,,,,,,,,,,,,,,,,,,,,,,,,,,,,,,,,,,,,,,,,,,,,,,,,,,,
M28B11,t1_coged_arm_1,nasatlx,4,,,,,,,,,,,,,,,,"2021-10-13 13:58:51",19,11,16,14,14,17,2,,,,,,,,,,,,,,,,,,,,,,,,,,,,,,,,,,,,,,,,,,,,,,,,,,,,,,,,,,,,,,,,,,,,,,,,,,,,,,,,,,,,,,,,,,,,,,,,,,,,,,,,,,,,,,,,,,,,,,,,,,,,,,,,,,,,,,,,,,,,,,,,,,,,,,,,,,,,,,,,,,,,,,,,,,,,,,,,,,,,,,,,,,,,,,,,,,,,,,,,,,,,,,
M28I03,t1_coged_arm_1,,,M28I03,CS,2021-10-20,2,"2021-10-20 08:34:59",20,1,3,0,2,1,0,0,,2,,,,,,,,,M28I03_t1_ED.csv,M28I03_t1_nback.csv,M28I03_t1_randomchoice.csv,"Sagte auf Nachfrage, die Erinnerung an die Level sei etwas schwierig gewesen biem ED",2,,,,,,,,,,,,,,,,,,,,,,,,,,,,,,,,,,,,,,,,,,,,,,,,,,,,,,,,,,,,,,,,,,,,,,,,,,,,,,,,,,,,,,,,,,,,,,,,,,,,,,,,,,,,,,,,,,,,,,,,,,,,,,,,,,,,,,,,,,,,,,,,,,,,,,,,,,,,,,,,,,,,,,,,,,,,,,,,,,,,,,,,,,,,,,,,,,,,,,,,,
M28I03,t2_ered_arm_1,,,,,,,,,,,,,,,,,,,,,,,,,,,,,,,M28I03,CS,2021-10-27,2,M28I03.eeg,M28I03.vhdr,M28I03.vmrk,M28I03_ER.csv,M28I03_ED.csv,,2,"2021-10-27 09:28:59",0,,1,,"Unterdrücken funktioniert am leichtesten von allen (man hat eine klare Aufgabe, nämlich seine Gesichtsbewegung möglichst nicht zu verändern, während man geistig trotzdem  Emotionalität zulassen kann",1,"Am Anfang harmlose Bilder, dann schlimmere  Oft tote Pferde ",0,,,,2,,,,,,,,,,,,,,,,,,,,,,,,,,,,,,,,,,,,,,,,,,,,,,,,,,,,,,,,,,,,,,,,,,,,,,,,,,,,,,,,,,,,,,,,,,,,,,,,,,,,,,,,,,,,,,,,,,,,,,,,,,,,,,,,,,,,,,,,,,,,,,,,,,,,,,,,,,,,,,,,,,,,,,,,,,,,,,,,,
M28I03,t3_fb_arm_1,,,,,,,,,,,,,,,,,,,,,,,,,,,,,,,,,,,,,,,,,,,,,,,,,,,,,,,"2021-10-31 20:24:47"," +1"," -1"," -1"," -2"," +3",0," +1"," -1"," -2"," -1",0," -2",0," -2"," -2"," -2",2,"2021-10-31 20:27:37",2,2,1,3,1,1,3,3,2,2,2,2,3,2,2,1,2,2,1,2,1,3,1,1,1,3,3,2,3,2,2,"2021-10-31 20:28:58",4,2,1,3,4,3,4,2,3,3,4,3,3,2,"2021-10-31 20:30:15",3,2,2,3,3,2,3,3,2,3,2,"2021-10-31 20:35:18",6,1,7,1,2,1,6,4,5,6,1,6,5,2,5,2,2,6,5,6,5,3,7,3,4,3,6,4,6,6,1,5,5,4,5,3,3,4,5,5,2,"2021-10-31 20:35:52",4,4,3,1,3,2,"2021-10-31 20:38:10",4,2,3,3,2,4,2,4,3,2,1,3,1,4,3,3,3,3,2,2,"2021-10-31 20:39:15",6,6,7,3,6,6,4,6,6,5,2,"2021-10-31 20:40:57",3,3,4,3,2,2,3,3,4,3,2,"2021-10-31 20:42:55",4,2,2,2,2
M28I03,t1_coged_arm_1,nasatlx,1,,,,,,,,,,,,,,,,"2021-10-20 08:48:32",11,12,17,5,11,11,2,,,,,,,,,,,,,,,,,,,,,,,,,,,,,,,,,,,,,,,,,,,,,,,,,,,,,,,,,,,,,,,,,,,,,,,,,,,,,,,,,,,,,,,,,,,,,,,,,,,,,,,,,,,,,,,,,,,,,,,,,,,,,,,,,,,,,,,,,,,,,,,,,,,,,,,,,,,,,,,,,,,,,,,,,,,,,,,,,,,,,,,,,,,,,,,,,,,,,,,,,,,,,,
M28I03,t1_coged_arm_1,nasatlx,2,,,,,,,,,,,,,,,,"2021-10-20 08:57:42",15,13,16,8,14,13,2,,,,,,,,,,,,,,,,,,,,,,,,,,,,,,,,,,,,,,,,,,,,,,,,,,,,,,,,,,,,,,,,,,,,,,,,,,,,,,,,,,,,,,,,,,,,,,,,,,,,,,,,,,,,,,,,,,,,,,,,,,,,,,,,,,,,,,,,,,,,,,,,,,,,,,,,,,,,,,,,,,,,,,,,,,,,,,,,,,,,,,,,,,,,,,,,,,,,,,,,,,,,,,
M28I03,t1_coged_arm_1,nasatlx,3,,,,,,,,,,,,,,,,"2021-10-20 09:07:04",17,16,19,7,15,19,2,,,,,,,,,,,,,,,,,,,,,,,,,,,,,,,,,,,,,,,,,,,,,,,,,,,,,,,,,,,,,,,,,,,,,,,,,,,,,,,,,,,,,,,,,,,,,,,,,,,,,,,,,,,,,,,,,,,,,,,,,,,,,,,,,,,,,,,,,,,,,,,,,,,,,,,,,,,,,,,,,,,,,,,,,,,,,,,,,,,,,,,,,,,,,,,,,,,,,,,,,,,,,,
M28I03,t1_coged_arm_1,nasatlx,4,,,,,,,,,,,,,,,,"2021-10-20 09:16:27",17,18,19,12,14,20,2,,,,,,,,,,,,,,,,,,,,,,,,,,,,,,,,,,,,,,,,,,,,,,,,,,,,,,,,,,,,,,,,,,,,,,,,,,,,,,,,,,,,,,,,,,,,,,,,,,,,,,,,,,,,,,,,,,,,,,,,,,,,,,,,,,,,,,,,,,,,,,,,,,,,,,,,,,,,,,,,,,,,,,,,,,,,,,,,,,,,,,,,,,,,,,,,,,,,,,,,,,,,,,
R27R01,t1_coged_arm_1,,,R27R01,JZ,2021-10-19,2,"2021-10-19 13:57:40",25,2,3,0,2,1,0,0,,2,,,,,,,,,R27R01_t1_ED.csv,R27R01_t1_nback.csv,R27R01_t1_randomchoice.csv,,2,,,,,,,,,,,,,,,,,,,,,,,,,,,,,,,,,,,,,,,,,,,,,,,,,,,,,,,,,,,,,,,,,,,,,,,,,,,,,,,,,,,,,,,,,,,,,,,,,,,,,,,,,,,,,,,,,,,,,,,,,,,,,,,,,,,,,,,,,,,,,,,,,,,,,,,,,,,,,,,,,,,,,,,,,,,,,,,,,,,,,,,,,,,,,,,,,,,,,,,,,
R27R01,t2_ered_arm_1,,,,,,,,,,,,,,,,,,,,,,,,,,,,,,,R27R01,CS,2021-10-26,2,R27R01.eeg,R27R01.vhdr,R27R01.vmrk,R27R01_ER.csv,R27R01_ED.csv,,2,"2021-10-26 15:18:42",1,"Der erste Block zur Strategie Anschauen enthielt nur positive Bilder.",1,,"Mit der Strategie (Ablenken) fiel es mir am leichtesten, meine Emotionen zu regulieren.",0,,0,,,,2,,,,,,,,,,,,,,,,,,,,,,,,,,,,,,,,,,,,,,,,,,,,,,,,,,,,,,,,,,,,,,,,,,,,,,,,,,,,,,,,,,,,,,,,,,,,,,,,,,,,,,,,,,,,,,,,,,,,,,,,,,,,,,,,,,,,,,,,,,,,,,,,,,,,,,,,,,,,,,,,,,,,,,,,,,,,,,,,,
R27R01,t3_fb_arm_1,,,,,,,,,,,,,,,,,,,,,,,,,,,,,,,,,,,,,,,,,,,,,,,,,,,,,,,"2021-10-28 17:15:05"," +1"," +1",0," -3"," +3",0," -1"," -1"," -2"," -1"," -2"," -2"," +1",0," -2"," -1",2,"2021-10-28 17:16:54",3,1,2,2,1,2,3,3,3,3,1,3,2,1,3,2,2,2,2,3,1,2,2,1,1,2,2,1,3,4,2,"2021-10-28 17:17:48",3,3,4,1,2,4,3,3,3,2,4,2,2,2,"2021-10-28 17:18:31",3,3,3,3,2,3,2,3,2,3,2,"2021-10-28 17:22:18",5,6,5,2,5,5,6,6,5,5,5,6,5,5,4,6,5,5,5,5,5,7,5,7,6,6,7,6,6,7,6,7,6,6,6,6,6,6,6,6,2,"2021-10-28 17:22:49",4,4,3,3,4,2,"2021-10-28 17:24:14",2,2,2,2,3,2,2,2,3,2,2,3,4,1,2,3,3,3,2,2,"2021-10-28 17:25:32",5,4,4,5,5,6,6,4,5,5,2,"2021-10-28 17:26:27",2,2,2,2,2,2,3,2,2,2,2,"2021-10-28 17:27:29",4,2,3,3,2
R27R01,t1_coged_arm_1,nasatlx,1,,,,,,,,,,,,,,,,"2021-10-19 14:09:59",15,3,3,19,14,4,2,,,,,,,,,,,,,,,,,,,,,,,,,,,,,,,,,,,,,,,,,,,,,,,,,,,,,,,,,,,,,,,,,,,,,,,,,,,,,,,,,,,,,,,,,,,,,,,,,,,,,,,,,,,,,,,,,,,,,,,,,,,,,,,,,,,,,,,,,,,,,,,,,,,,,,,,,,,,,,,,,,,,,,,,,,,,,,,,,,,,,,,,,,,,,,,,,,,,,,,,,,,,,,
R27R01,t1_coged_arm_1,nasatlx,2,,,,,,,,,,,,,,,,"2021-10-19 14:19:37",18,5,5,17,17,8,2,,,,,,,,,,,,,,,,,,,,,,,,,,,,,,,,,,,,,,,,,,,,,,,,,,,,,,,,,,,,,,,,,,,,,,,,,,,,,,,,,,,,,,,,,,,,,,,,,,,,,,,,,,,,,,,,,,,,,,,,,,,,,,,,,,,,,,,,,,,,,,,,,,,,,,,,,,,,,,,,,,,,,,,,,,,,,,,,,,,,,,,,,,,,,,,,,,,,,,,,,,,,,,
R27R01,t1_coged_arm_1,nasatlx,3,,,,,,,,,,,,,,,,"2021-10-19 14:29:10",19,5,7,15,19,15,2,,,,,,,,,,,,,,,,,,,,,,,,,,,,,,,,,,,,,,,,,,,,,,,,,,,,,,,,,,,,,,,,,,,,,,,,,,,,,,,,,,,,,,,,,,,,,,,,,,,,,,,,,,,,,,,,,,,,,,,,,,,,,,,,,,,,,,,,,,,,,,,,,,,,,,,,,,,,,,,,,,,,,,,,,,,,,,,,,,,,,,,,,,,,,,,,,,,,,,,,,,,,,,
R27R01,t1_coged_arm_1,nasatlx,4,,,,,,,,,,,,,,,,"2021-10-19 14:39:00",19,6,5,16,19,14,2,,,,,,,,,,,,,,,,,,,,,,,,,,,,,,,,,,,,,,,,,,,,,,,,,,,,,,,,,,,,,,,,,,,,,,,,,,,,,,,,,,,,,,,,,,,,,,,,,,,,,,,,,,,,,,,,,,,,,,,,,,,,,,,,,,,,,,,,,,,,,,,,,,,,,,,,,,,,,,,,,,,,,,,,,,,,,,,,,,,,,,,,,,,,,,,,,,,,,,,,,,,,,,
S13R12,t1_coged_arm_1,,,S13R12,JZ,2021-09-15,2,"2021-09-15 10:09:58",21,2,3,0,2,1,0,0,,2,,,,,,,,,S13R12_t1_ED_2021_Sep_15_1015.csv,S13R12_t1_nback_2021_Sep_15_1015.csv,S13R12_t1_randomchoice_2021_Sep_15_1015.csv,"NASA-TLX ging nicht ohne WLAN, hat aber anscheinend doch die erste Instanz abgespeichert. Instanzen 1 und 2 stehen also für 1-back, 3 für 2-back, 4 für 3-back, und 5 für 4-back.",2,,,,,,,,,,,,,,,,,,,,,,,,,,,,,,,,,,,,,,,,,,,,,,,,,,,,,,,,,,,,,,,,,,,,,,,,,,,,,,,,,,,,,,,,,,,,,,,,,,,,,,,,,,,,,,,,,,,,,,,,,,,,,,,,,,,,,,,,,,,,,,,,,,,,,,,,,,,,,,,,,,,,,,,,,,,,,,,,,,,,,,,,,,,,,,,,,,,,,,,,,
S13R12,t2_ered_arm_1,,,,,,,,,,,,,,,,,,,,,,,,,,,,,,,S13R12,CS,2021-09-22,2,S13R12.eeg,S13R12.vhdr,S13R12.vmrk,S13R12_ER_paradigm_2021_Sep_22_1026.csv,S13R12_ER_paradigm_2021_Sep_22_1026_1.csv,"Elektroden für Corrugator vor Effort Discounting abgegangen",2,"2021-09-22 10:55:17",0,,1,,"Ich wollte nochmal es üben und weil es viel interessanter war",0,,0,,,,2,,,,,,,,,,,,,,,,,,,,,,,,,,,,,,,,,,,,,,,,,,,,,,,,,,,,,,,,,,,,,,,,,,,,,,,,,,,,,,,,,,,,,,,,,,,,,,,,,,,,,,,,,,,,,,,,,,,,,,,,,,,,,,,,,,,,,,,,,,,,,,,,,,,,,,,,,,,,,,,,,,,,,,,,,,,,,,,,,
S13R12,t3_fb_arm_1,,,,,,,,,,,,,,,,,,,,,,,,,,,,,,,,,,,,,,,,,,,,,,,,,,,,,,,"2021-09-24 11:26:18"," +3",0,0," -2"," +2"," +3"," -3"," -2"," -2"," +1"," -3"," -2",0," +1"," -1"," -2",2,"2021-09-24 11:28:57",3,2,2,1,2,3,3,2,2,2,3,2,2,1,3,1,2,2,2,2,1,3,1,1,1,3,2,2,1,2,2,"2021-09-24 11:30:22",4,3,3,2,1,2,4,3,4,3,3,3,1,2,"2021-09-24 11:31:25",3,2,2,2,3,3,4,2,2,3,2,"2021-09-24 11:37:05",4,5,2,1,3,4,5,7,7,6,3,5,4,3,6,7,5,3,6,5,7,7,1,1,5,3,7,6,7,4,4,6,4,2,6,7,6,4,5,5,2,"2021-09-24 11:37:34",5,3,5,4,4,2,"2021-09-24 11:40:36",2,2,2,1,1,2,2,3,3,2,2,3,1,2,4,2,2,3,2,2,"2021-09-24 11:41:43",7,5,7,4,4,5,4,3,4,2,2,,,,,,,,,,,,0,,,,,,0
S13R12,t1_coged_arm_1,nasatlx,1,,,,,,,,,,,,,,,,,7,3,8,17,10,4,2,,,,,,,,,,,,,,,,,,,,,,,,,,,,,,,,,,,,,,,,,,,,,,,,,,,,,,,,,,,,,,,,,,,,,,,,,,,,,,,,,,,,,,,,,,,,,,,,,,,,,,,,,,,,,,,,,,,,,,,,,,,,,,,,,,,,,,,,,,,,,,,,,,,,,,,,,,,,,,,,,,,,,,,,,,,,,,,,,,,,,,,,,,,,,,,,,,,,,,,,,,,,,,
S13R12,t1_coged_arm_1,nasatlx,2,,,,,,,,,,,,,,,,,13,3,9,15,11,6,2,,,,,,,,,,,,,,,,,,,,,,,,,,,,,,,,,,,,,,,,,,,,,,,,,,,,,,,,,,,,,,,,,,,,,,,,,,,,,,,,,,,,,,,,,,,,,,,,,,,,,,,,,,,,,,,,,,,,,,,,,,,,,,,,,,,,,,,,,,,,,,,,,,,,,,,,,,,,,,,,,,,,,,,,,,,,,,,,,,,,,,,,,,,,,,,,,,,,,,,,,,,,,,
S13R12,t1_coged_arm_1,nasatlx,3,,,,,,,,,,,,,,,,,14,4,12,12,11,9,2,,,,,,,,,,,,,,,,,,,,,,,,,,,,,,,,,,,,,,,,,,,,,,,,,,,,,,,,,,,,,,,,,,,,,,,,,,,,,,,,,,,,,,,,,,,,,,,,,,,,,,,,,,,,,,,,,,,,,,,,,,,,,,,,,,,,,,,,,,,,,,,,,,,,,,,,,,,,,,,,,,,,,,,,,,,,,,,,,,,,,,,,,,,,,,,,,,,,,,,,,,,,,,
S13R12,t1_coged_arm_1,nasatlx,4,,,,,,,,,,,,,,,,,14,4,11,17,12,8,2,,,,,,,,,,,,,,,,,,,,,,,,,,,,,,,,,,,,,,,,,,,,,,,,,,,,,,,,,,,,,,,,,,,,,,,,,,,,,,,,,,,,,,,,,,,,,,,,,,,,,,,,,,,,,,,,,,,,,,,,,,,,,,,,,,,,,,,,,,,,,,,,,,,,,,,,,,,,,,,,,,,,,,,,,,,,,,,,,,,,,,,,,,,,,,,,,,,,,,,,,,,,,,
T07L11,t1_coged_arm_1,,,T07L11,CS,2021-10-19,2,"2021-10-19 11:40:09",27,2,3,0,2,1,0,0,,2,,,,,,,,,T07L11_t1_ED.csv,T07L11_t1_nback.csv,T07L11_t1_randomchoice.csv,,2,,,,,,,,,,,,,,,,,,,,,,,,,,,,,,,,,,,,,,,,,,,,,,,,,,,,,,,,,,,,,,,,,,,,,,,,,,,,,,,,,,,,,,,,,,,,,,,,,,,,,,,,,,,,,,,,,,,,,,,,,,,,,,,,,,,,,,,,,,,,,,,,,,,,,,,,,,,,,,,,,,,,,,,,,,,,,,,,,,,,,,,,,,,,,,,,,,,,,,,,,
T07L11,t2_ered_arm_1,,,,,,,,,,,,,,,,,,,,,,,,,,,,,,,T07L11,CS,2021-11-02,2,T07L11.eeg,T07L11.vhdr,T07L11.vmrk,T07L11_ER.csv,T07L11_ED.csv,,2,"2021-11-02 12:23:58",0,,1,,"Die Strategie fand' ich am einfachsten anzuwenden bzw. die Bilder schienen mir so am wenigsten belastend",0,,0,,,,2,,,,,,,,,,,,,,,,,,,,,,,,,,,,,,,,,,,,,,,,,,,,,,,,,,,,,,,,,,,,,,,,,,,,,,,,,,,,,,,,,,,,,,,,,,,,,,,,,,,,,,,,,,,,,,,,,,,,,,,,,,,,,,,,,,,,,,,,,,,,,,,,,,,,,,,,,,,,,,,,,,,,,,,,,,,,,,,,,
T07L11,t3_fb_arm_1,,,,,,,,,,,,,,,,,,,,,,,,,,,,,,,,,,,,,,,,,,,,,,,,,,,,,,,"2021-11-07 20:49:23"," +3"," +3"," +3"," -2"," +3"," +1"," -2"," +1"," -3"," -2"," +1"," -1"," +2"," +2"," -3"," +1",2,"2021-11-07 20:57:59",3,2,3,1,2,3,1,4,3,2,1,4,4,1,3,3,2,2,2,3,1,4,2,2,2,3,3,3,2,1,2,"2021-11-07 21:02:52",4,2,3,1,3,5,5,2,2,2,4,4,4,2,"2021-11-07 21:08:30",4,3,3,4,2,3,3,3,2,2,2,"2021-11-07 21:43:04",7,7,1,1,6,2,7,7,6,7,5,7,7,7,7,6,7,6,7,6,4,5,6,7,2,2,5,5,4,6,5,3,5,2,5,4,5,3,5,3,2,"2021-11-07 21:43:51",4,4,3,1,4,2,"2021-11-07 21:55:57",2,2,2,3,1,4,2,3,3,2,1,3,2,3,1,1,3,3,3,2,"2021-11-07 21:58:42",6,2,3,5,7,7,6,3,7,6,2,"2021-11-07 22:02:20",3,2,3,3,2,2,1,3,3,1,2,"2021-11-07 22:05:02",4,5,2,5,2
T07L11,t1_coged_arm_1,nasatlx,1,,,,,,,,,,,,,,,,"2021-10-19 11:54:40",8,1,2,5,4,2,2,,,,,,,,,,,,,,,,,,,,,,,,,,,,,,,,,,,,,,,,,,,,,,,,,,,,,,,,,,,,,,,,,,,,,,,,,,,,,,,,,,,,,,,,,,,,,,,,,,,,,,,,,,,,,,,,,,,,,,,,,,,,,,,,,,,,,,,,,,,,,,,,,,,,,,,,,,,,,,,,,,,,,,,,,,,,,,,,,,,,,,,,,,,,,,,,,,,,,,,,,,,,,,
T07L11,t1_coged_arm_1,nasatlx,2,,,,,,,,,,,,,,,,"2021-10-19 12:04:08",10,2,2,7,6,2,2,,,,,,,,,,,,,,,,,,,,,,,,,,,,,,,,,,,,,,,,,,,,,,,,,,,,,,,,,,,,,,,,,,,,,,,,,,,,,,,,,,,,,,,,,,,,,,,,,,,,,,,,,,,,,,,,,,,,,,,,,,,,,,,,,,,,,,,,,,,,,,,,,,,,,,,,,,,,,,,,,,,,,,,,,,,,,,,,,,,,,,,,,,,,,,,,,,,,,,,,,,,,,,
T07L11,t1_coged_arm_1,nasatlx,3,,,,,,,,,,,,,,,,"2021-10-19 12:13:09",15,2,8,6,9,6,2,,,,,,,,,,,,,,,,,,,,,,,,,,,,,,,,,,,,,,,,,,,,,,,,,,,,,,,,,,,,,,,,,,,,,,,,,,,,,,,,,,,,,,,,,,,,,,,,,,,,,,,,,,,,,,,,,,,,,,,,,,,,,,,,,,,,,,,,,,,,,,,,,,,,,,,,,,,,,,,,,,,,,,,,,,,,,,,,,,,,,,,,,,,,,,,,,,,,,,,,,,,,,,
T07L11,t1_coged_arm_1,nasatlx,4,,,,,,,,,,,,,,,,"2021-10-19 12:21:58",18,2,11,3,14,9,2,,,,,,,,,,,,,,,,,,,,,,,,,,,,,,,,,,,,,,,,,,,,,,,,,,,,,,,,,,,,,,,,,,,,,,,,,,,,,,,,,,,,,,,,,,,,,,,,,,,,,,,,,,,,,,,,,,,,,,,,,,,,,,,,,,,,,,,,,,,,,,,,,,,,,,,,,,,,,,,,,,,,,,,,,,,,,,,,,,,,,,,,,,,,,,,,,,,,,,,,,,,,,,
