"Variable / Field Name","Form Name","Section Header","Field Type","Field Label","Choices, Calculations, OR Slider Labels","Field Note","Text Validation Type OR Show Slider Number","Text Validation Min","Text Validation Max",Identifier?,"Branching Logic (Show field only if...)","Required Field?","Custom Alignment","Question Number (surveys only)","Matrix Group Name","Matrix Ranking?","Field Annotation"
record_id,information,,text,"Record ID",,,,,,,,,,,,,
consent_text,information,,descriptive,"<div class=""rich-text-field-label""><p><span style=""text-decoration: underline;"">Probandeninformation und Einwilligungserklärung zur Teilnahme an der Studie</span><br /><span style=""text-decoration: underline;"">""Subjektive Werte kognitiver Aufgaben""</span><br /><br /><span style=""font-weight: normal;"">Sehr geehrte Teilnehmerin, sehr geehrter Teilnehmer!</span><br /><span style=""font-weight: normal;"">Wir laden Sie ein, an der oben genannten Studie teilzunehmen. Die Aufklärung über diese Studie erfolgt mittels dieser Probandeninformation sowie in einem ausführlichen Gespräch. Anschließend können Sie sich für oder gegen eine Teilnahme an dieser Studie entscheiden.</span><br /><span style=""font-weight: normal;"">Die Teilnahme an dieser Studie ist freiwillig und kann jederzeit auch ohne Angabe von Gründen beendet werden, ohne dass Ihnen hierdurch Nachteile entstehen. Eine Teilnahme an dieser Studie ist nur möglich, wenn Sie Ihre Einwilligung zur Teilnahme an dieser Studie schriftlich erklären. Bei Psychologiestudierenden wirkt sich eine Teilnahme, eine Nichtteilnahme oder ein Abbruch weder positiv, noch negativ auf das Studium aus. Bitte lesen Sie den folgenden Text als Ergänzung zum Informationsgespräch sorgfältig durch und zögern Sie nicht, Fragen zu stellen.</span><br /><span style=""font-weight: normal;"">Bitte unterschreiben Sie die Einwilligungserklärung nur </span><br /><span style=""font-weight: normal;"">- wenn Sie Art und Ablauf der Studie vollständig verstanden haben,</span><br /><span style=""font-weight: normal;"">- wenn Sie bereit sind, der Teilnahme zuzustimmen und</span><br /><span style=""font-weight: normal;"">- wenn Sie sich über Ihre Rechte als Teilnehmer an dieser Studie im Klaren sind.</span><br /><br />1. Was ist der Zweck dieser Studie?<br /><br /><span style=""font-weight: normal;"">Im ersten Teil der Studie ist das Ziel herauszufinden, ob unterschiedliche Ausprägungen in der Eigenschaft Need for Cognition (Aufsuchen von und Freude an geistiger Anstrengung) mit unterschiedlichen subjektiven Werten von kognitiven Anforderungsstufen einhergehen. Im zweiten Teil der Studie wollen wir herausfinden, ob für verschiedene Strategien der Emotionsregulation individuelle subjektive Werte bestimmt werden können. Im Mittelpunkt dieser Studie stehen dabei drei Strategien: Ablenken, Distanzieren und Unterdrücken.</span><br /><br />2. Wie läuft die Studie ab?<br /><br /><span style=""font-weight: normal;"">Diese Studie besteht aus drei Teilen. Der erste Teil besteht aus einer Reihe an Fragebögen, die Sie online ausfüllen werden. Das Ausfüllen der Fragebögen wird ca. 30 Minuten in Anspruch nehmen. Diese dienen der Erfassung spezieller Persönlichkeitsmerkmale, wie zum Beispiel Aufmerksamkeitskontrolle, Selbstkontrolle und -regulation, Need for Cognition (Aufsuchen von und Freude an geistiger Anstrengung), sowie wiederholte und flexible Nutzung von Emotionsregulationsstrategien. Anschließend können Termine für die Teile zwei und drei vereinbart werden. Diese finden in den Untersuchungsräumen der Fachrichtung Psychologie der TU Dresden statt und finden im Abstand von einer Woche statt. Der erste Labortermin wird ca. eine Stunde Ihrer Zeit in Anspruch nehmen. Sie werden zunächst eine kurze Vorbefragung ausfüllen, welche Ihre aktuelle Stimmung erfasst. Anschließend bearbeiten Sie eine kognitive Aufgabe am Computer, welche ca. 45 min dauert. Der zweite Termin (eine Woche später) umfasst ein Emotionsregulationsexperiment am Computer. Parallel möchten wir Elektromyographie-Daten (EMG, Muskelaktivität im Gesicht) erheben. Im Detail werden Sie zunächst die Strategien üben und es werden anschließend die EMG-Messaufnehmer angebracht (Dauer ca. 20 Minuten). Anschließend führen Sie das Computerexperiment durch (Dauer ca. 30 Minuten). Ihre Aufgabe besteht darin, negative Bilder zu betrachten. Diese stellen Katastrophen, Unfälle, Tiere, Ekel, Leid, Gewalt und Waffen dar. Dabei sollen Sie verschiedene Regulationsstrategien einsetzen, um aufkommende negative Emotionen zu regulieren. Es folgt eine kurze Nachbefragung. </span><br /><br />3. Besteht während der Studienteilnahme Versicherungsschutz?<br /><br /><span style=""font-weight: normal;"">Während der Teilnahme an dem Experiment besteht für Sie seitens der TU Dresden kein Haftpflicht-, Unfall-, oder Wegeunfallversicherungsschutz.</span><br /><br />4. Worin liegt der Nutzen einer Teilnahme an der Studie?<br /><br /><span style=""font-weight: normal;"">Es ist nicht zu erwarten, dass Sie persönlich aus Ihrer Teilnahme an dieser Studie einen Nutzen ziehen werden. Indirekte Vorteile können jedoch im Fortschritt der psychologischen Grundlagenforschung gesehen werden, der es ermöglichen wird, psychische Prozesse besser verstehen zu können. Als Entschädigung für die Studienteilnahme erhalten Sie pauschal 24 Euro oder 3 Versuchspersonenstunden.</span><br /><br />5. Gibt es Risiken, Beschwerden und Begleiterscheinungen?<br /><br /><span style=""font-weight: normal;"">Bei der Bearbeitung der Persönlichkeitsfragebögen sind keine Risiken, Beschwerden oder Begleiterscheinungen zu erwarten. </span><br /><span style=""font-weight: normal;"">Bei der Emotionsregulations-Aufgabe werden Sie eine Reihe an sehr negativen Bildern sehen. Diese können gegebenenfalls Ekel hervorrufen oder verstörend wirken. Weitere Risiken, Beschwerden oder Begleiterscheinungen sind nicht zu erwarten.</span><br /><span style=""font-weight: normal;"">Zur Ableitung der Muskelaktivität mittels EMG werden Messaufnehmer eingesetzt, die im Gesicht auf die Haut aufgeklebt werden. Dabei wird ein salzhaltiges, leitfähiges Gel verwendet, das zudem reinigende Partikel enthält. Es handelt sich dabei um ein Medizinprodukt. Bestimmte Partikel des Gels können die Haut leicht aufrauen. Dieser Vorgang kann aufgrund der Partikel und des enthaltenen Salzes in seltenen Fällen leichte Hautirritationen verursachen, die allerdings rasch wieder abklingen. Allergien bezüglich des verwendeten Gels sind nicht bekannt. Außerdem wird zur Hautdesinfektion Alkohol verwendet. Auch hier sind keine Beschwerden oder Nebenwirkungen bekannt. </span><br /><br />6. Welche Bedingungen für eine Studienteilnahme gibt es?<br /><br /><span style=""font-weight: normal;"">Voraussetzung für die Studienteilnahme ist, dass Sie 18-30 Jahre alt sind und fließend Deutsch sprechen. Außerdem sollten Sie über normale oder korrigierte Sehfähigkeit verfügen. Ein Studienausschluss erfolgt bei aktuell vorliegenden psychologischen, psychiatrischen oder neurologischen Erkrankungen, regelmäßiger oder übermäßiger Einnahme von illegalen bzw. legalen Drogen oder Medikamenten, die die psychische Leistungsfähigkeit einschränken. Diese Aspekte wurden bei Terminvereinbarung schon abgeklärt und werden nicht erneut erfragt. Heute vergewissern wir uns zu Beginn lediglich anhand Ihrer Aussagen, ob Sie sich fit und munter für die Studienteilnahme fühlen, d. h. in der vergangenen Nacht ausreichend geschlafen haben, nicht unter dem Einfluss von Substanzen stehen, die die geistige Leistungsfähigkeit beeinträchtigen, oder aus sonstigen Gründen wie etwa starkem Stress oder dergleichen eventuellen Leistungsbeeinträchtigungen unterliegen. </span><br /><br />7. Wann wird die Studie vorzeitig beendet?<br /><br /><span style=""font-weight: normal;"">Sie können jederzeit auch ohne Angabe von Gründen Ihre Teilnahmebereitschaft widerrufen und aus der Studie ausscheiden, ohne dass Ihnen dadurch irgendwelche Nachteile entstehen. In diesem Fall informieren Sie bitte Ihren Studienleiter. Die bereits erhobenen Daten werden in diesem Fall unmittelbar vernichtet. Es ist aber auch möglich, dass Ihr Studienleiter entscheidet, Ihre Teilnahme an der Studie vorzeitig zu beenden, ohne vorher Ihre Einwilligung einzuholen. Die Gründe hierfür können sein, dass Sie nicht den Erfordernissen der Studie entsprechen oder dass bei der Versuchsdurchführung der Eindruck entsteht, dass eine weitere Teilnahme an der Studie nicht in Ihrem Interesse ist.</span><br /><br />8. Informationen zum Datenschutz<br /><br /><span style=""font-weight: normal;"">8.1 Was passiert mit meinen Daten?</span><br /><span style=""font-weight: normal;"">Folgende Daten werden ausschließlich zur Kontaktaufnahme zu Ihrer Person verarbeitet: Name, Adresse, E-Mail-Adresse und ggf. Telefonnummer. Sie dienen dazu, Sie vor den Untersuchungs-zeitpunkten zu kontaktieren und Ihnen den Link zu den Online-Fragebögen zukommen zu lassen. Wir versichern, dass diese personenbezogenen Daten unverzüglich gelöscht werden, sobald die Datenerhebung beendet ist. Alle weiteren Angaben, die Sie im Rahmen dieses Forschungsprojektes machen, werden pseudonymisiert, d.h. als einziges Identifikationsmerkmal dient ein Code aus einer Buchstaben- und Zahlenkombination, erfasst und können auf keinen Fall mit den personenbezogenen Daten in Verbindung gebracht werden.</span><br /><span style=""font-weight: normal;"">Insofern dies nicht anders gesetzlich bestimmt ist oder Sie im Einzelfall ausdrücklich eingewilligt haben, erfolgt keine Übermittlung von personenbezogenen Daten an Dritte. Die Weitergabe der Daten im Rahmen von wissenschaftlichen Kooperationsprojekten erfolgt ausschließlich in anonymisierter Form zu statistischen Zwecken, d.h. die Daten können nicht mehr einer natürlichen Person zugeordnet werden. Die Forschungsergebnisse werden in wissenschaftlich üblicher Form (u.a. Open Science Plattformen) und in Gruppen zusammengefasst veröffentlicht. Wir sichern zu, dass aus den Veröffentlichungen keinerlei Rückschlüsse auf natürliche Personen möglich sind.</span><br /><span style=""font-weight: normal;"">Die Daten werden entsprechend der Vorgabe Deutschen Forschungsgemeinschaft für mindestens 10 Jahre aufbewahrt.</span><br /><br /><span style=""font-weight: normal;"">8.2 Auf welcher Rechtsgrundlage erfolgt die Verarbeitung meiner Daten?</span><br /><span style=""font-weight: normal;"">Die Datenverarbeitung erfolgt auf Grundlage von Art. 6 Abs. 1 UAbs. 1 lit. a und ggf. Art. 9 Abs. 2 lit. a DSGVO (Einwilligung). Die Vorgaben des § 12 SächsDSDG für die Verarbeitung personenbezogener Daten zu Forschungszwecken werden beachtet.</span><br /><br /><span style=""font-weight: normal;"">8.3 Ist meine Teilnahme freiwillig?</span><br /><span style=""font-weight: normal;"">Die Teilnahme am Forschungsprojekt ist freiwillig. Eine Nichtteilnahme hat keine Folgen! Sie können Ihre Einwilligung verweigern oder jederzeit ohne Angabe von Gründen mit Wirkung auf die Zukunft widerrufen und aus der Studie ausscheiden, ohne dass Ihnen dadurch irgendwelche Nachteile entstehen. Es ist aber auch möglich, dass Ihr Studienleiter entscheidet, Ihre Teilnahme an der Studie vorzeitig zu beenden. Die Gründe hierfür können sein, dass Sie nicht den Erfordernissen der Studie entsprechen oder dass bei der Versuchsdurchführung der Eindruck entsteht, dass eine weitere Teilnahme an der Studie nicht in Ihrem Interesse ist.</span><br /><br /><span style=""font-weight: normal;"">8.4 Auskunfts- und Widerrufsrecht </span><br /><span style=""font-weight: normal;"">Falls Sie Ihre Einwilligung widerrufen möchten, informieren Sie bitte Ihren Studienleiter oder schreiben Sie eine formlose E-Mail. In diesem Fall müssen Sie den von Ihnen gebildeten Versuchspersonencode nennen. Anschließend werden alle anonymisierten Daten, die Ihrem Code zugeordnet werden können, gelöscht. Dies ist nur bis zur Beendigung der Datenerhebungsphase möglich. </span><br /><span style=""font-weight: normal;"">Sie können jederzeit schriftlich Auskunft über die zu Ihrer Person verarbeiteten Daten sowie die möglichen Empfänger dieser Daten, an die diese übermittelt wurden, verlangen. Eine Antwort steht Ihnen mit der Frist von einem Monat nach Eingang des Auskunftsersuchens zu.</span><br /><br /><span style=""font-weight: normal;"">8.5 Recht auf Berichtigung, Löschung und Einschränkung</span><br /><span style=""font-weight: normal;"">Sie können jederzeit gegenüber der Studienleitung die Berichtigung oder Löschung Ihrer personenbezogenen Daten oder die Einschränkung der Verarbeitung verlangen. </span><br /><br /><span style=""font-weight: normal;"">8.6 Recht auf Datenübertragbarkeit</span><br /><span style=""font-weight: normal;"">Sie können verlangen, dass die Studienleitung Ihnen Ihre personenbezogenen Daten in maschinenlesbarer Form übermittelt. Alternativ können Sie die direkte Übermittlung der von Ihnen bereitgestellten personenbezogenen Daten an eine:n andere:n Verantwortliche:n verlangen, soweit dies möglich ist.</span><br /><br /><span style=""font-weight: normal;"">8.7 Datenschutzbeauftragter und Aufsichtsbehörde für den Datenschutz</span><br /><span style=""font-weight: normal;"">Sie können sich jederzeit an den Datenschutzbeauftragten der TU Dresden, Jens Syckor, (informationssicherheit@tu-dresden.de, Tel. +49 351 463-32839) sowie bei einer Beschwerde nach Art. 77 DSGVO an die zuständige Aufsichtsbehörde zum Datenschutz wenden. Die zuständige Aufsichtsbehörde ist:</span><br /><span style=""font-weight: normal;"">Sächsischer Datenschutzbeauftragter</span><br /><span style=""font-weight: normal;"">Postfach 11 01 32</span><br /><span style=""font-weight: normal;"">01330 Dresden</span><br /><span style=""font-weight: normal;"">Tel.: +49 (0) 351 85471 101 </span><br /> <br />9. An wen kann ich mich bei sonstigen Fragen zur Studie und zur Geltendmachung meiner Rechte wenden?<br /><br /><span style=""font-weight: normal;"">Allein für den vorgenannten Forschungszweck sollen die erhobenen Daten durch die TU Dresden, Fakultät für Psychologie, Professur Differentielle und Persönlichkeitspsychologie verarbeitet werden. Verantwortlich für die Datenerhebung ist die Studienleitung:</span></p> <p style=""line-height: normal;""><span style=""font-weight: normal;"">Prof. Alexander Strobel</span></p> <p style=""line-height: normal;""><span style=""color: #000000;""><span style=""font-weight: normal;"">Professur für Differentielle und Persönlichkeitspsychologie, </span><span style=""font-weight: normal;"">Fakultät Psychologie, </span><span style=""font-weight: normal;"">TU Dresden, </span><span style=""font-weight: normal;"">01062 Dresden</span></span></p> <p style=""line-height: normal;""><span style=""color: #000000;""><span style=""font-weight: normal;"">Besucheradresse: </span><span style=""font-weight: normal;"">Raum A405, </span><span style=""font-weight: normal;"">Zellescher Weg 17, </span><span style=""font-weight: normal;"">01069 Dresden</span></span></p> <p><span style=""font-weight: normal;""><span style=""color: #000000;"">E-Mail: </span><a href=""mailto:alexander.strobel@tu-dresden.de"" target=""_blank"" rel=""noopener""><span style=""color: #95a5a6;""><span style=""color: #7e8c8d;""><span style=""color: #000000;"">alexander.strobel@tu-dresden.de</span></span></span></a></span></p> <p style=""line-height: normal;""><span style=""font-weight: normal;"">M.Sc. Christoph Scheffel</span></p> <p style=""line-height: normal;""><span style=""font-weight: normal;"">Besucheradresse: Raum A437, Zellescher Weg 17, 01069 Dresden</span></p> <p style=""line-height: normal;""><span style=""font-weight: normal;"">E-mail: <a href=""mailto:christoph_scheffel@tu-dresden.de"" target=""_blank"" rel=""noopener"">christoph_scheffel@tu-dresden.de</a></span></p> <p style=""line-height: normal;""><span style=""font-weight: normal;"">M.Sc. Josephine Zerna</span></p> <p style=""line-height: normal;""><span style=""font-weight: normal;"">Besucheradresse: Raum A439, Zellescher Weg 17, 01069 Dresden</span></p> <p style=""line-height: normal;""><span style=""font-weight: normal;"">Email: <a href=""mailto:josephine.zerna@tu-dresden.de"" target=""_blank"" rel=""noopener"">josephine.zerna@tu-dresden.de</a></span></p> <p> </p></div>",,,,,,,,,,,,,
consent,information,,radio,"Sind Sie mit der pseudonymisierten Erfassung Ihrer Daten einverstanden?","1, Ja | 0, Nein",,,,,,,y,,,,,
subject_id_quest,information,,text,"<div class=""rich-text-field-label""><p>Erstellen Sie hier bitte Ihren Probanden-Code, damit wir die Daten der Fragebögen und der Labortermine korrekt zuordnen können.<br /><br />Der Probanden-Code ist 6-stellig:<br /><span style=""text-decoration: underline;"">1. Stelle: Der erste Buchstabe Ihres Geburtsortes</span><br /><em>(z.B. ""B"", wenn Sie in Berlin geboren wurden)</em><br /><span style=""text-decoration: underline;"">2. und 3. Stelle: Die Tageszahl Ihres Geburtstags</span><br /><em>(z.B. ""06"", wenn Sie am 06.11. Geburtstag haben)</em><br /><span style=""text-decoration: underline;"">4. Stelle: Der dritte Buchstabe des Vornamens Ihrer Mutter</span><br /><em>(z.B. ""T"", wenn sie Katharina heißt)</em><br /><span style=""text-decoration: underline;"">5. und 6. Stelle: Der Geburtsmonat Ihrer Mutter</span><br /><em>(z.B. ""07"", wenn sie im Juli Geburtstag hat)</em><br /><br />Im Beispiel würde der Probanden-Code also ""B06T07"" lauten.</p></div>",,,,,,,,y,,,,,
nfc_01,nfc,"Nachfolgend sind verschiedene Aussagen angeführt. Lesen Sie diese genau durch, und kreuzen Sie anhand der nebenstehenden Skala an, inwieweit diese auf Sie zutreffen.",radio,"Die Aufgabe, neue Lösungen für Probleme zu finden, macht mir wirklich Spaß.","-3, völlig unzutreffend<br>-3 | -2, -2 | -1, -1 | 0, 0 | +1, +1 | +2, +2 | +3, trifft ganz genau zu<br>+3",,,,,,,y,,1,nfc,,
nfc_02,nfc,,radio,"Ich würde lieber eine Aufgabe lösen, die Intelligenz erfordert, schwierig und bedeutend ist, als eine Aufgabe, die zwar irgendwie wichtig ist, aber nicht viel Nachdenken erfordert.","-3, völlig unzutreffend<br>-3 | -2, -2 | -1, -1 | 0, 0 | +1, +1 | +2, +2 | +3, trifft ganz genau zu<br>+3",,,,,,,y,,2,nfc,,
nfc_03,nfc,,radio,"Ich setze mir eher solche Ziele, die nur mit erheblicher geistiger Anstrengung erreicht werden können.","-3, völlig unzutreffend<br>-3 | -2, -2 | -1, -1 | 0, 0 | +1, +1 | +2, +2 | +3, trifft ganz genau zu<br>+3",,,,,,,y,,3,nfc,,
nfc_04,nfc,,radio,"Die Vorstellung, mich auf mein Denkvermögen zu verlassen, um es zu etwas zu bringen, spricht mich nicht an.","-3, völlig unzutreffend<br>-3 | -2, -2 | -1, -1 | 0, 0 | +1, +1 | +2, +2 | +3, trifft ganz genau zu<br>+3",,,,,,,y,,4,nfc,,
nfc_05,nfc,,radio,"Ich finde es besonders befriedigend, eine bedeutende Aufgabe abzuschließen, die viel Denken und geistige Anstrengung erfordert hat.","-3, völlig unzutreffend<br>-3 | -2, -2 | -1, -1 | 0, 0 | +1, +1 | +2, +2 | +3, trifft ganz genau zu<br>+3",,,,,,,y,,5,nfc,,
nfc_06,nfc,,radio,"Ich denke lieber über kleine, alltägliche Vorhaben nach, als über langfristige.","-3, völlig unzutreffend<br>-3 | -2, -2 | -1, -1 | 0, 0 | +1, +1 | +2, +2 | +3, trifft ganz genau zu<br>+3",,,,,,,y,,6,nfc,,
nfc_07,nfc,,radio,"Ich würde lieber etwas tun, das wenig Denken erfordert, als etwas, das mit Sicherheit meine Denkfähigkeit herausfordert.","-3, völlig unzutreffend<br>-3 | -2, -2 | -1, -1 | 0, 0 | +1, +1 | +2, +2 | +3, trifft ganz genau zu<br>+3",,,,,,,y,,7,nfc,,
nfc_08,nfc,,radio,"Ich finde wenig Befriedigung darin, angestrengt und stundenlang nachzudenken.","-3, völlig unzutreffend<br>-3 | -2, -2 | -1, -1 | 0, 0 | +1, +1 | +2, +2 | +3, trifft ganz genau zu<br>+3",,,,,,,y,,8,nfc,,
nfc_09,nfc,,radio,"In erster Linie denke ich, weil ich es muss.","-3, völlig unzutreffend<br>-3 | -2, -2 | -1, -1 | 0, 0 | +1, +1 | +2, +2 | +3, trifft ganz genau zu<br>+3",,,,,,,y,,9,nfc,,
nfc_10,nfc,,radio,"Ich trage nicht gern die Verantwortung für eine Situation, die sehr viel Denken erfordert.","-3, völlig unzutreffend<br>-3 | -2, -2 | -1, -1 | 0, 0 | +1, +1 | +2, +2 | +3, trifft ganz genau zu<br>+3",,,,,,,y,,10,nfc,,
nfc_11,nfc,,radio,"Denken entspricht nicht dem, was ich unter Spaß verstehe.","-3, völlig unzutreffend<br>-3 | -2, -2 | -1, -1 | 0, 0 | +1, +1 | +2, +2 | +3, trifft ganz genau zu<br>+3",,,,,,,y,,11,nfc,,
nfc_12,nfc,,radio,"Ich versuche, Situationen vorauszuahnen und zu vermeiden, in denen die Wahrscheinlichkeit groß ist, dass ich intensiv über etwas nachdenken muss.","-3, völlig unzutreffend<br>-3 | -2, -2 | -1, -1 | 0, 0 | +1, +1 | +2, +2 | +3, trifft ganz genau zu<br>+3",,,,,,,y,,12,nfc,,
nfc_13,nfc,,radio,"Ich habe es gern, wenn mein Leben voller kniffliger Aufgaben ist, die ich lösen muss.","-3, völlig unzutreffend<br>-3 | -2, -2 | -1, -1 | 0, 0 | +1, +1 | +2, +2 | +3, trifft ganz genau zu<br>+3",,,,,,,y,,13,nfc,,
nfc_14,nfc,,radio,"Ich würde komplizierte Probleme einfachen Problemen vorziehen.","-3, völlig unzutreffend<br>-3 | -2, -2 | -1, -1 | 0, 0 | +1, +1 | +2, +2 | +3, trifft ganz genau zu<br>+3",,,,,,,y,,14,nfc,,
nfc_15,nfc,,radio,"Es genügt mir, einfach die Antwort zu kennen, ohne die Gründe für die Antwort eines Problems zu verstehen.","-3, völlig unzutreffend<br>-3 | -2, -2 | -1, -1 | 0, 0 | +1, +1 | +2, +2 | +3, trifft ganz genau zu<br>+3",,,,,,,y,,15,nfc,,
nfc_16,nfc,,radio,"Es genügt, dass etwas funktioniert, mir ist es egal, wie oder warum.","-3, völlig unzutreffend<br>-3 | -2, -2 | -1, -1 | 0, 0 | +1, +1 | +2, +2 | +3, trifft ganz genau zu<br>+3",,,,,,,y,,16,nfc,,
bis11_01,bis_11,"In diesem Fragebogen geht es darum , wie man sein eigenes Verhalten steuert. Darin unterscheiden sich Menschen sehr voneinander. Manche Menschen mögen es gar nicht, langfristig zu planen und handeln lieber ganz spontan. Andere Menschen ziehen es vor, nichts dem Zufall zu überlassen, sondern möchten auf alles vorbereitet sein. Niemand kann beurteilen, welches der bessere Weg ist. 
<b>Bitte geben Sie an, wie oft die einzelnen Aussagen auf Sie zutreffen.</b> Überlegen Sie dabei nicht, wie Sie sich gerne verhalten würden oder wie Sie meinen, dass man sich verhalten sollte, sondern versuchen Sie zu beurteilen, wie Sie sich tatsächlich verhalten.",radio,"Ich bereite mich auf meine Aufgaben und pflichten sorgfältig vor.","1, nie / selten | 2, gelegentlich | 3, oft | 4, fast immer/ immer",,,,,,,y,,,bis11,,
bis11_02,bis_11,,radio,"Ich tue Dinge, ohne darüber nachzudenken.","1, nie / selten | 2, gelegentlich | 3, oft | 4, fast immer/ immer",,,,,,,y,,,bis11,,
bis11_03,bis_11,,radio,"Ich bin entschlussfreudig.","1, nie / selten | 2, gelegentlich | 3, oft | 4, fast immer/ immer",,,,,,,y,,,bis11,,
bis11_04,bis_11,,radio,"Ich bin sorglos.","1, nie / selten | 2, gelegentlich | 3, oft | 4, fast immer/ immer",,,,,,,y,,,bis11,,
bis11_05,bis_11,,radio,"Ich passe nicht auf.","1, nie / selten | 2, gelegentlich | 3, oft | 4, fast immer/ immer",,,,,,,y,,,bis11,,
bis11_06,bis_11,,radio,"Gedanken rasen durch meinen Kopf.","1, nie / selten | 2, gelegentlich | 3, oft | 4, fast immer/ immer",,,,,,,y,,,bis11,,
bis11_07,bis_11,,radio,"Ich plane einen Ausflug rechtzeitig im Voraus.","1, nie / selten | 2, gelegentlich | 3, oft | 4, fast immer/ immer",,,,,,,y,,,bis11,,
bis11_08,bis_11,,radio,"Ich bin beherrscht.","1, nie / selten | 2, gelegentlich | 3, oft | 4, fast immer/ immer",,,,,,,y,,,bis11,,
bis11_09,bis_11,,radio,"Ich kann mich leicht konzentrieren.","1, nie / selten | 2, gelegentlich | 3, oft | 4, fast immer/ immer",,,,,,,y,,,bis11,,
bis11_10,bis_11,,radio,"Ich spare mein Geld.","1, nie / selten | 2, gelegentlich | 3, oft | 4, fast immer/ immer",,,,,,,y,,,bis11,,
bis11_11,bis_11,,radio,"Ich drücke mich vor Theaterbesuchen oder Vorträgen.","1, nie / selten | 2, gelegentlich | 3, oft | 4, fast immer/ immer",,,,,,,y,,,bis11,,
bis11_12,bis_11,,radio,"Ich bin ein gründlicher Denker / eine gründliche Denkerin.","1, nie / selten | 2, gelegentlich | 3, oft | 4, fast immer/ immer",,,,,,,y,,,bis11,,
bis11_13,bis_11,,radio,"Ich kümmere mich um Sicherheit am Arbeitsplatz.","1, nie / selten | 2, gelegentlich | 3, oft | 4, fast immer/ immer",,,,,,,y,,,bis11,,
bis11_14,bis_11,,radio,"Ich sage Dinge, ohne darüber nachzudenken.","1, nie / selten | 2, gelegentlich | 3, oft | 4, fast immer/ immer",,,,,,,y,,,bis11,,
bis11_15,bis_11,,radio,"Ich mag es, über schwierige Probleme nachzudenken.","1, nie / selten | 2, gelegentlich | 3, oft | 4, fast immer/ immer",,,,,,,y,,,bis11,,
bis11_16,bis_11,,radio,"Ich wechsle meine Jobs.","1, nie / selten | 2, gelegentlich | 3, oft | 4, fast immer/ immer",,,,,,,y,,,bis11,,
bis11_17,bis_11,,radio,"Ich handle impulsiv.","1, nie / selten | 2, gelegentlich | 3, oft | 4, fast immer/ immer",,,,,,,y,,,bis11,,
bis11_18,bis_11,,radio,"Mir wird schnell langweilig, wenn ich über ein Problem nachdenke.","1, nie / selten | 2, gelegentlich | 3, oft | 4, fast immer/ immer",,,,,,,y,,,bis11,,
bis11_19,bis_11,,radio,"Ich folge meinen augenblicklichen Eingebungen.","1, nie / selten | 2, gelegentlich | 3, oft | 4, fast immer/ immer",,,,,,,y,,,bis11,,
bis11_20,bis_11,,radio,"Ich bin ein ausdauernder Denker / eine ausdauernde Denkerin.","1, nie / selten | 2, gelegentlich | 3, oft | 4, fast immer/ immer",,,,,,,y,,,bis11,,
bis11_21,bis_11,,radio,"Ich wechsle meine Wohnung gerne.","1, nie / selten | 2, gelegentlich | 3, oft | 4, fast immer/ immer",,,,,,,y,,,bis11,,
bis11_22,bis_11,,radio,"Ich kaufe Sachen spontan.","1, nie / selten | 2, gelegentlich | 3, oft | 4, fast immer/ immer",,,,,,,y,,,bis11,,
bis11_23,bis_11,,radio,"Ich kann nicht über zwei Dinge gleichzeitig nachdenken.","1, nie / selten | 2, gelegentlich | 3, oft | 4, fast immer/ immer",,,,,,,y,,,bis11,,
bis11_24,bis_11,,radio,"Ich wechsle meine Hobbys.","1, nie / selten | 2, gelegentlich | 3, oft | 4, fast immer/ immer",,,,,,,y,,,bis11,,
bis11_25,bis_11,,radio,"Ich gebe mehr Geld aus, als ich verdiene.","1, nie / selten | 2, gelegentlich | 3, oft | 4, fast immer/ immer",,,,,,,y,,,bis11,,
bis11_26,bis_11,,radio,"Wenn ich nachdenke, kommen mir of nebensächliche Gedanken in den Sinn.","1, nie / selten | 2, gelegentlich | 3, oft | 4, fast immer/ immer",,,,,,,y,,,bis11,,
bis11_27,bis_11,,radio,"Ich kümmere mich mehr um die Gegenwart als um die Zukunft.","1, nie / selten | 2, gelegentlich | 3, oft | 4, fast immer/ immer",,,,,,,y,,,bis11,,
bis11_28,bis_11,,radio,"Im Theater oder bei Vorträgen werde ich unruhig.","1, nie / selten | 2, gelegentlich | 3, oft | 4, fast immer/ immer",,,,,,,y,,,bis11,,
bis11_29,bis_11,,radio,"Ich mag Puzzles und Geduldspiele.","1, nie / selten | 2, gelegentlich | 3, oft | 4, fast immer/ immer",,,,,,,y,,,bis11,,
bis11_30,bis_11,,radio,"Ich bin zukunftsorientiert.","1, nie / selten | 2, gelegentlich | 3, oft | 4, fast immer/ immer",,,,,,,y,,,bis11,,
bscs_1,bscs,"Wie schätzen Sie sich ein?",radio,"Ich kann Versuchungen gut widerstehen","1, stimmt nicht | 2, stimmt kaum | 3, teils / teils | 4, stimmt eher | 5, stimmt genau",,,,,,,y,,,bscs,,
bscs_2,bscs,,radio,"Schlechte Angewohnheiten kann ich mir nur schwer abgewöhnen","1, stimmt nicht | 2, stimmt kaum | 3, teils / teils | 4, stimmt eher | 5, stimmt genau",,,,,,,y,,,bscs,,
bscs_3,bscs,,radio,"Ich bin fleißig","1, stimmt nicht | 2, stimmt kaum | 3, teils / teils | 4, stimmt eher | 5, stimmt genau",,,,,,,y,,,bscs,,
bscs_4,bscs,,radio,"Ich sage Dinge, die unangebracht sind","1, stimmt nicht | 2, stimmt kaum | 3, teils / teils | 4, stimmt eher | 5, stimmt genau",,,,,,,y,,,bscs,,
bscs_5,bscs,,radio,"Ich tue Dinge, die Spaß machen, auch wenn sie schlecht für mich sind","1, stimmt nicht | 2, stimmt kaum | 3, teils / teils | 4, stimmt eher | 5, stimmt genau",,,,,,,y,,,bscs,,
bscs_6,bscs,,radio,"Ich lehne Dinge ab, die schlecht für mich sind","1, stimmt nicht | 2, stimmt kaum | 3, teils / teils | 4, stimmt eher | 5, stimmt genau",,,,,,,y,,,bscs,,
bscs_7,bscs,,radio,"Ich wünschte, ich hätte mehr Selbstdisziplin","1, stimmt nicht | 2, stimmt kaum | 3, teils / teils | 4, stimmt eher | 5, stimmt genau",,,,,,,y,,,bscs,,
bscs_8,bscs,,radio,"Andere würden sagen, dass ich eine eiserne Disziplin habe","1, stimmt nicht | 2, stimmt kaum | 3, teils / teils | 4, stimmt eher | 5, stimmt genau",,,,,,,y,,,bscs,,
bscs_9,bscs,,radio,"Vergnügen und Spaß halten mich nicht davon ab, meine Arbeit zu erledigen","1, stimmt nicht | 2, stimmt kaum | 3, teils / teils | 4, stimmt eher | 5, stimmt genau",,,,,,,y,,,bscs,,
bscs_10,bscs,,radio,"Es fällt mir schwer, mich zu konzentrieren","1, stimmt nicht | 2, stimmt kaum | 3, teils / teils | 4, stimmt eher | 5, stimmt genau",,,,,,,y,,,bscs,,
bscs_11,bscs,,radio,"Ich kann erfolgreich auf langfristige Ziele hinarbeiten","1, stimmt nicht | 2, stimmt kaum | 3, teils / teils | 4, stimmt eher | 5, stimmt genau",,,,,,,y,,,bscs,,
bscs_12,bscs,,radio,"Bestimmte Dinge kann ich nicht sein lassen, obwohl ich weiß, dass sie falsch sind","1, stimmt nicht | 2, stimmt kaum | 3, teils / teils | 4, stimmt eher | 5, stimmt genau",,,,,,,y,,,bscs,,
bscs_13,bscs,,radio,"Manchmal handle ich, ohne alle Alternativen abzuwägen","1, stimmt nicht | 2, stimmt kaum | 3, teils / teils | 4, stimmt eher | 5, stimmt genau",,,,,,,y,,,bscs,,
srs_01,srs,,radio,"Ich kann mich lange Zeit auf eine Sache konzentrieren, wenn es nötig ist","1, stimmt nicht | 2, stimmt kaum | 3, stimmt eher | 4, stimmt genau",,,,,,,y,,,srs,,
srs_02,srs,,radio,"Wenn ich von einer Sache abgelenkt werde, komme ich schnell wieder zum Thema zurück.","1, stimmt nicht | 2, stimmt kaum | 3, stimmt eher | 4, stimmt genau",,,,,,,y,,,srs,,
srs_03,srs,,radio,"Wenn ich bei einer Tätigkeit zu aufgeregt werde, kann ich mich so beruhigen, dass ich bald wieder weitermachen kann.","1, stimmt nicht | 2, stimmt kaum | 3, stimmt eher | 4, stimmt genau",,,,,,,y,,,srs,,
srs_04,srs,,radio,"Wenn bei einer Tätigkeit eine sachliche Haltung nötig ist, kann ich meine Gefühle unter Kontrolle bringen.","1, stimmt nicht | 2, stimmt kaum | 3, stimmt eher | 4, stimmt genau",,,,,,,y,,,srs,,
srs_05,srs,,radio,"Wenn störende Gedanken auftreten, kann ich sie nur schwer von mir wegschieben.","1, stimmt nicht | 2, stimmt kaum | 3, stimmt eher | 4, stimmt genau",,,,,,,y,,,srs,,
srs_06,srs,,radio,"Ich kann es verhindern, dass meine Gedanken ständig von meiner Aufgabe abschweifen.","1, stimmt nicht | 2, stimmt kaum | 3, stimmt eher | 4, stimmt genau",,,,,,,y,,,srs,,
srs_07,srs,,radio,"Wenn ich Sorgen habe, kann ich mich nicht auf eine Tätigkeit konzentrieren.","1, stimmt nicht | 2, stimmt kaum | 3, stimmt eher | 4, stimmt genau",,,,,,,y,,,srs,,
srs_08,srs,,radio,"Nach einer Unterbrechung finde ich problemlos zu einer konzentrierten Arbeitsweise zurück.","1, stimmt nicht | 2, stimmt kaum | 3, stimmt eher | 4, stimmt genau",,,,,,,y,,,srs,,
srs_09,srs,,radio,"Alle möglichen Gedanken oder Gefühle lassen mir einfach keine Ruhe zum Arbieten.","1, stimmt nicht | 2, stimmt kaum | 3, stimmt eher | 4, stimmt genau",,,,,,,y,,,srs,,
srs_10,srs,,radio,"Ich behalte mein Ziel im Auge und lasse mich nicht vom Weg abbringen.","1, stimmt nicht | 2, stimmt kaum | 3, stimmt eher | 4, stimmt genau",,,,,,,y,,,srs,,
erq_01,erq,"Wir möchten Ihnen gerne einige Fragen zu Ihren Gefühlen stellen. Uns interessiert, wie Sie Ihre Gefühle unter Kontrolle halten, bzw. regulieren. 

Zwei Aspekte Ihrer Gefühle interessieren uns dabei besonders. Einerseits ist dies Ihr emotionales Erleben, also was Sie <i>innen</i> fühlen. Andererseits geht es um den emotionalen Ausdruck, also wie Sie Ihre Gefühle verbal, gestisch oder im Verhalten nach <i>außen</i> zeigen.

Obwohl manche der Fragen ziemlich ähnlich klingen, unterscheiden sie sich in wesentlichen Punkten.",radio,"Wenn ich <i>mehr positive</i> Gefühle (wie Freude oder Heiterkeit) empfinden möchte, ändere ich, woran ich denke.","1, stimmt überhaupt nicht<br>1 | 2, 2 | 3, 3 | 4, neutral<br>4 | 5, 5 | 6, 6 | 7, stimmt vollkommen<br>7",,,,,,,y,,1,erq,,
erq_02,erq,,radio,"Ich behalte meine Gefühle für mich.","1, stimmt überhaupt nicht<br>1 | 2, 2 | 3, 3 | 4, neutral<br>4 | 5, 5 | 6, 6 | 7, stimmt vollkommen<br>7",,,,,,,y,,2,erq,,
erq_03,erq,,radio,"Wenn ich <i>weniger negative</i> Gefühle (wie Traurigkeit oder Ärger) empfinden möchte, ändere ich, woran ich denke.","1, stimmt überhaupt nicht<br>1 | 2, 2 | 3, 3 | 4, neutral<br>4 | 5, 5 | 6, 6 | 7, stimmt vollkommen<br>7",,,,,,,y,,3,erq,,
erq_04,erq,,radio,"Wenn ich <i>positive</i> Gefühle empfinde, bemühe ich mich, sie <i>nicht</i> nach außen zu zeigen.","1, stimmt überhaupt nicht<br>1 | 2, 2 | 3, 3 | 4, neutral<br>4 | 5, 5 | 6, 6 | 7, stimmt vollkommen<br>7",,,,,,,y,,4,erq,,
erq_05,erq,,radio,"Wenn ich in eine stressige Situation gerate, ändere ich meine Gedanken über die Situation so, dass es mich beruhigt.","1, stimmt überhaupt nicht<br>1 | 2, 2 | 3, 3 | 4, neutral<br>4 | 5, 5 | 6, 6 | 7, stimmt vollkommen<br>7",,,,,,,y,,5,erq,,
erq_06,erq,,radio,"Ich halte meine Gefühle unter Kontrolle, indem ich sie <i>nicht</i> nach außen zeige.","1, stimmt überhaupt nicht<br>1 | 2, 2 | 3, 3 | 4, neutral<br>4 | 5, 5 | 6, 6 | 7, stimmt vollkommen<br>7",,,,,,,y,,6,erq,,
erq_07,erq,,radio,"Wenn ich <i>mehr positive</i> Gefühle empfinden möchte, versuche ich über die Situation anders zu denken.","1, stimmt überhaupt nicht<br>1 | 2, 2 | 3, 3 | 4, neutral<br>4 | 5, 5 | 6, 6 | 7, stimmt vollkommen<br>7",,,,,,,y,,7,erq,,
erq_08,erq,,radio,"Ich halte meine Gefühle unter Kontrolle, indem ich über meine aktuelle Situation anders nachdenke.","1, stimmt überhaupt nicht<br>1 | 2, 2 | 3, 3 | 4, neutral<br>4 | 5, 5 | 6, 6 | 7, stimmt vollkommen<br>7",,,,,,,y,,8,erq,,
erq_09,erq,,radio,"Wenn ich <i>negative</i> Gefühle empfinde, sorge ich dafür, sie <i>nicht</i> nach außen zu zeigen.","1, stimmt überhaupt nicht<br>1 | 2, 2 | 3, 3 | 4, neutral<br>4 | 5, 5 | 6, 6 | 7, stimmt vollkommen<br>7",,,,,,,y,,9,erq,,
erq_10,erq,,radio,"Wenn ich <i>weniger negative</i> Gefühle empfinden möchte, versuche ich über die Situation anders zu denken.","1, stimmt überhaupt nicht<br>1 | 2, 2 | 3, 3 | 4, neutral<br>4 | 5, 5 | 6, 6 | 7, stimmt vollkommen<br>7",,,,,,,y,,10,erq,,
who5_1,who5,"Die folgenden Aussagen betreffen Ihr Wohlbefinden in den letzten zwei Wochen. Bitte markieren Sie bei jeder aussage die Rubrik, die Ihrer Meinung nach am besten bschreibt, wie Sie sich in den letzten zwei Wochen gefühlt haben.

<b><i>In den letzten zwei Wochen...</b></i>",radio,"... war ich froh und guter Laune","5, Die ganze Zeit | 4, Meistens | 3, Etwas mehr als die Hälfte der Zeit | 2, Etwas weniger als die Hälfte der Zeit | 1, Ab und zu | 0, Zu keinem Zeitpunkt",,,,,,,y,,,who5,,
who5_2,who5,,radio,"... habe ich mich ruhig und entspannt gefühlt","5, Die ganze Zeit | 4, Meistens | 3, Etwas mehr als die Hälfte der Zeit | 2, Etwas weniger als die Hälfte der Zeit | 1, Ab und zu | 0, Zu keinem Zeitpunkt",,,,,,,y,,,who5,,
who5_3,who5,,radio,"... habe ich mich energisch und aktiv gefühlt","5, Die ganze Zeit | 4, Meistens | 3, Etwas mehr als die Hälfte der Zeit | 2, Etwas weniger als die Hälfte der Zeit | 1, Ab und zu | 0, Zu keinem Zeitpunkt",,,,,,,y,,,who5,,
who5_4,who5,,radio,"... habe ich mich beim Aufwachen frisch und ausgeruht gefühlt","5, Die ganze Zeit | 4, Meistens | 3, Etwas mehr als die Hälfte der Zeit | 2, Etwas weniger als die Hälfte der Zeit | 1, Ab und zu | 0, Zu keinem Zeitpunkt",,,,,,,y,,,who5,,
who5_5,who5,,radio,"... war mein Alltag voller Dinge, die mich interessieren","5, Die ganze Zeit | 4, Meistens | 3, Etwas mehr als die Hälfte der Zeit | 2, Etwas weniger als die Hälfte der Zeit | 1, Ab und zu | 0, Zu keinem Zeitpunkt",,,,,,,y,,,who5,,
risc_01,cdrisc,,radio,"Ich bin fähig mich anzupassen, wenn sich etwas verändert.","1, Ich stimme nicht zu <br> 1 | 2, 2 | 3, 3 | 4, 4 | 5, 5 | 6, 6 | 7, Ich stimme völlig zu <br> 7",,,,,,,y,,,cd_risc,,
risc_04,cdrisc,,radio,"Ich komme mit allem klar, was sich mir in den Weg stellt.","1, Ich stimme nicht zu <br> 1 | 2, 2 | 3, 3 | 4, 4 | 5, 5 | 6, 6 | 7, Ich stimme völlig zu <br> 7",,,,,,,y,,,cd_risc,,
risc_06,cdrisc,,radio,"Wenn ich mit Problemen konfrontiert bin, versuche ich dies mit Humor zu sehen.","1, Ich stimme nicht zu <br> 1 | 2, 2 | 3, 3 | 4, 4 | 5, 5 | 6, 6 | 7, Ich stimme völlig zu <br> 7",,,,,,,y,,,cd_risc,,
risc_07,cdrisc,,radio,"Der Umgang mit Stress kann mich stärken.","1, Ich stimme nicht zu <br> 1 | 2, 2 | 3, 3 | 4, 4 | 5, 5 | 6, 6 | 7, Ich stimme völlig zu <br> 7",,,,,,,y,,,cd_risc,,
risc_08,cdrisc,,radio,"Ich neige dazu mich nach Krankheit, Verletzungen oder anderen Missgeschicken wieder gut zu erholen.","1, Ich stimme nicht zu <br> 1 | 2, 2 | 3, 3 | 4, 4 | 5, 5 | 6, 6 | 7, Ich stimme völlig zu <br> 7",,,,,,,y,,,cd_risc,,
risc_11,cdrisc,,radio,"Auch wenn es Hindernisse gibt, bin ich der Meinung meine Ziele erreichen zu können.","1, Ich stimme nicht zu <br> 1 | 2, 2 | 3, 3 | 4, 4 | 5, 5 | 6, 6 | 7, Ich stimme völlig zu <br> 7",,,,,,,y,,,cd_risc,,
risc_14,cdrisc,,radio,"Wenn ich unter Druck stehe, bleibe ich fokussiert und denke klar.","1, Ich stimme nicht zu <br> 1 | 2, 2 | 3, 3 | 4, 4 | 5, 5 | 6, 6 | 7, Ich stimme völlig zu <br> 7",,,,,,,y,,,cd_risc,,
risc_16,cdrisc,,radio,"Wenn ich versage, lasse ich mich nicht leicht entmutigen.","1, Ich stimme nicht zu <br> 1 | 2, 2 | 3, 3 | 4, 4 | 5, 5 | 6, 6 | 7, Ich stimme völlig zu <br> 7",,,,,,,y,,,cd_risc,,
risc_17,cdrisc,,radio,"Wenn es um den Umgang mit Herausforderungen des Lebens und allgemeine Schwierigkeiten geht, schätze ich mich als starke Person ein.","1, Ich stimme nicht zu <br> 1 | 2, 2 | 3, 3 | 4, 4 | 5, 5 | 6, 6 | 7, Ich stimme völlig zu <br> 7",,,,,,,y,,,cd_risc,,
risc_19,cdrisc,,radio,"Ich bin fähig mit unerfreulichen oder schmerzhaften Gefühlen wie Traurigkeit, Angst und Wut umzugehen.","1, Ich stimme nicht zu <br> 1 | 2, 2 | 3, 3 | 4, 4 | 5, 5 | 6, 6 | 7, Ich stimme völlig zu <br> 7",,,,,,,y,,,cd_risc,,
acs_01,acs,"Bitte geben Sie an, inwieweit die folgenden Aussagen auf Sie zutreffen.",radio,"Es fällt mir schwer, mich auf eine schwierige Aufgabe zu konzentrieren, wenn ringsherum Geräusche sind.","1, fast nie | 2, manchmal | 3, oft | 4, immer",,,,,,,y,,,acs,,
acs_02,acs,,radio,"Wenn ich mich konzentrieren und eine schwierige Aufgabe lösen muss, fällt es mir schwer, meine Aufmerksamkeit zu fokussieren.","1, fast nie | 2, manchmal | 3, oft | 4, immer",,,,,,,y,,,acs,,
acs_03,acs,,radio,"Auch wenn ich intensiv an etwas arbeite, werde ich immer noch von Ereignissen um mich herum abgelenkt.","1, fast nie | 2, manchmal | 3, oft | 4, immer",,,,,,,y,,,acs,,
acs_04,acs,,radio,"Ich kann mich auch dann gut konzentrieren, wenn Musik im selben Raum ist.","1, fast nie | 2, manchmal | 3, oft | 4, immer",,,,,,,y,,,acs,,
acs_05,acs,,radio,"Wenn ich mich konzentriere, kann ich meine Aufmerksamkeit so fokussieren, dass ich nicht mehr wahrnehme, was um mich herum vorgeht.","1, fast nie | 2, manchmal | 3, oft | 4, immer",,,,,,,y,,,acs,,
acs_06,acs,,radio,"Beim Lesen oder Lernen werde ich leicht abgelenkt, wenn sich Personen im selben Raum unterhalten.","1, fast nie | 2, manchmal | 3, oft | 4, immer",,,,,,,y,,,acs,,
acs_07,acs,,radio,"Wenn ich versuche meine Aufmerksamkeit auf etwas zu konzentrieren, fällt es mir schwer, störende Gedanken zu unterdrücken.","1, fast nie | 2, manchmal | 3, oft | 4, immer",,,,,,,y,,,acs,,
acs_08,acs,,radio,"Wenn ich aufgeregt bin, fällt es mir schwer, mich zu konzentrieren.","1, fast nie | 2, manchmal | 3, oft | 4, immer",,,,,,,y,,,acs,,
acs_09,acs,,radio,"Wenn ich mich auf etwas konzentriere, ignoriere ich Gefühle von Hunger und Durst.","1, fast nie | 2, manchmal | 3, oft | 4, immer",,,,,,,y,,,acs,,
acs_10,acs,,radio,"Ich kann schnell von einer Aufgabe zur anderen umschalten.","1, fast nie | 2, manchmal | 3, oft | 4, immer",,,,,,,y,,,acs,,
acs_11,acs,,radio,"Es kostet mich etwas Zeit, bis ich mich ganz auf eine neue Aufgabe einlassen kann.","1, fast nie | 2, manchmal | 3, oft | 4, immer",,,,,,,y,,,acs,,
acs_12,acs,,radio,"Es fällt mir schwer, meine Aufmerksamkeit zwischen dem Zuhören und dem Mitschreiben zu koordinieren, wenn ich während Vorträgen Notizen mache.","1, fast nie | 2, manchmal | 3, oft | 4, immer",,,,,,,y,,,acs,,
acs_13,acs,,radio,"Ich kann mich sehr schnell für ein neues Thema begeistern, wenn es nötig ist.","1, fast nie | 2, manchmal | 3, oft | 4, immer",,,,,,,y,,,acs,,
acs_14,acs,,radio,"Es fällt mir leicht, zu lesen oder zu schreiben, während ich gleichzeitig telefoniere.","1, fast nie | 2, manchmal | 3, oft | 4, immer",,,,,,,y,,,acs,,
acs_15,acs,,radio,"Es ist schwierig für mich, zwei Gespräche gleichzeitig zu führen.","1, fast nie | 2, manchmal | 3, oft | 4, immer",,,,,,,y,,,acs,,
acs_16,acs,,radio,"Es fällt mir schwer, schnell auf neue Ideen zu kommen.","1, fast nie | 2, manchmal | 3, oft | 4, immer",,,,,,,y,,,acs,,
acs_17,acs,,radio,"Nachdem ich unterbrochen oder abgelenkt worden bin, kann ich meine Aufmerksamkeit leicht wie der auf das richten, was ich vorher getan habe.","1, fast nie | 2, manchmal | 3, oft | 4, immer",,,,,,,y,,,acs,,
acs_18,acs,,radio,"Wenn mir ein störender Gedanke in den Sinn kommt, kann ich diesen leicht ausblenden.","1, fast nie | 2, manchmal | 3, oft | 4, immer",,,,,,,y,,,acs,,
acs_19,acs,,radio,"Es fällt mir leicht, zwischen zwei verschiedenen Aufgaben zu wechseln.","1, fast nie | 2, manchmal | 3, oft | 4, immer",,,,,,,y,,,acs,,
acs_20,acs,,radio,"Es fällt mir schwer, mich von einer bestimmten Sichtweise auf etwas zu lösen und es aus einem anderen Blickwinkel zu betrachten.","1, fast nie | 2, manchmal | 3, oft | 4, immer",,,,,,,y,,,acs,,
flexer_01,flexer,"Wir möchten Ihnen gerne einige Fragen zum Umgang mit Ihren Gefühlen stellen. Uns interessiert, ob und wie Sie aus verschiedenen Strategien auswählen, und ob Ihre Strategien erfolgreich sind. Eine Strategie wäre z.B. anders zu denken, um negative Gefühle zu verringern oder eine weitere Strategie wäre, Gefühle nicht nach außen zu zeigen. Man könnte auch durch Atmen Anspannung reduzieren oder sich ablenken. Um eine gewisse Emotion hervorzurufen (z.B. Ärger) könnte man sich an ein früheres Erlebnis erinnern. Dies sind jedoch nur einige Beispiele für Strategien zum Umgang mit Gefühlen.

Obwohl manche der Fragen ziemlich ähnlich klingen, unterscheiden sie sich in wesentlichen Punkten.",radio,"Wenn mich meine Emotionen bei der erfolgreichen Erledigung einer Aufgabe hindern, habe ich Strategien, um meine Gefühle zu beeinflussen.","1, sehr zutreffend | 2, zutreffend | 3, wenig zutreffend | 4, nicht zutreffend",,,,,,,y,,,flexer,,
flexer_02,flexer,,radio,"Wenn es einem Ziel nützt, <i>verringere</i> ich in manchen Situationen auch <i>positive</i> Gefühle.","1, sehr zutreffend | 2, zutreffend | 3, wenig zutreffend | 4, nicht zutreffend",,,,,,,y,,,flexer,,
flexer_03,flexer,,radio,"Wenn ich meine <i>positiven Gefühle reduzieren</i> muss, habe ich mehrere Strategien, die zu erreichen.","1, sehr zutreffend | 2, zutreffend | 3, wenig zutreffend | 4, nicht zutreffend",,,,,,,y,,,flexer,,
flexer_04,flexer,,radio,"Wenn ich mit einer Strategie nicht erfolgreich meine Stimmung verändern kann, probiere ich eine andere Strategie aus.","1, sehr zutreffend | 2, zutreffend | 3, wenig zutreffend | 4, nicht zutreffend",,,,,,,y,,,flexer,,
flexer_05,flexer,,radio,"Wenn ich <i>weniger negative</i> Gefühle empfinden möchte, habe ich mehrere Möglichkeiten, dies zu erreichen.","1, sehr zutreffend | 2, zutreffend | 3, wenig zutreffend | 4, nicht zutreffend",,,,,,,y,,,flexer,,
flexer_06,flexer,,radio,"Wenn ich <i>mehr positive</i> Gefühle empfinden möchte, habe ich mehrerer Möglichkeiten, dies zu erreichen.","1, sehr zutreffend | 2, zutreffend | 3, wenig zutreffend | 4, nicht zutreffend",,,,,,,y,,,flexer,,
flexer_07,flexer,,radio,"Ich habe selten die Wahl zwischen verschiedenen Strategien, um mit meinen Gefühlen umzugehen.","1, sehr zutreffend | 2, zutreffend | 3, wenig zutreffend | 4, nicht zutreffend",,,,,,,y,,,flexer,,
flexer_08,flexer,,radio,"Wenn notwendig, <i>verstärke</i> ich auch ein <i>negatives</i> Gefühl, um erfolreich zu sein.","1, sehr zutreffend | 2, zutreffend | 3, wenig zutreffend | 4, nicht zutreffend",,,,,,,y,,,flexer,,
flexer_09,flexer,,radio,"Wenn ich mich <i> in eine negative</i> Stimmung versetzen möchte, habe ich Strategien, dies zu erreichen.","1, sehr zutreffend | 2, zutreffend | 3, wenig zutreffend | 4, nicht zutreffend",,,,,,,y,,,flexer,,
flexer_10,flexer,,radio,"Wenn ich meine Gefühle verändern möchte, weiß ich, dass es dafür verschiedene Strategien gibt.","1, sehr zutreffend | 2, zutreffend | 3, wenig zutreffend | 4, nicht zutreffend",,,,,,,y,,,flexer,,
layb_01,lay_beliefs,"Der folgende Fragebogen wurde entwickelt, um zu untersuchen, was Menschen über verschiedene Themen, wie Intelligenz oder Emotionen, denken. Es gibt keine richtigen oder falschen Antworten. Uns interessiert Ihre Meinung. Bitte geben Sie jeweils auf einer Skala von 1 ""stimme ausgesprochen zu"" bis 6 ""stimme überhaupt nicht zu"" an, wie stark Sie den einzelnen Aussagen zustimmen.",radio,"Nachdem ich eine starke Emotion (z.B. Wut, Freude, Enttäuschung) empfunden und versucht habe, sie zu verringern, fühle ich mich erschöpft und weniger fähig, mich in neuen Situationen im Griff zu haben.","1, stimme ausgesprochen zu<br>1 | 2, 2 | 3, 3 | 4, 4 | 5, 5 | 6, stimme überhaupt nicht zu<br>6",,,,,,,y,,1,laybeliefs,,
layb_02,lay_beliefs,,radio,"Selbst wenn ich an einem Tag häufig die Ruhe bewahren und meine Emotionen kontrollieren musste, beeinflusst das nicht meine Fähigkeit, meine Gefühle weiterhin unter Kontrolle zu haben.","1, stimme ausgesprochen zu<br>1 | 2, 2 | 3, 3 | 4, 4 | 5, 5 | 6, stimme überhaupt nicht zu<br>6",,,,,,,y,,2,laybeliefs,,
layb_03,lay_beliefs,,radio,"Man kann starke Gefühle nicht wirklich lange unter Kontrolle halten. Schon nach einer Weile wird es immer schwieriger.","1, stimme ausgesprochen zu<br>1 | 2, 2 | 3, 3 | 4, 4 | 5, 5 | 6, stimme überhaupt nicht zu<br>6",,,,,,,y,,3,laybeliefs,,
layb_04,lay_beliefs,,radio,"Meine Fähigkeit, Gefühle zu kontrollieren, verändert sich nicht. Selbst wenn ich mich gerade in einer bestimmten Situation im Griff haben musste, kann ich auch danach ""cool"" bleiben.","1, stimme ausgesprochen zu<br>1 | 2, 2 | 3, 3 | 4, 4 | 5, 5 | 6, stimme überhaupt nicht zu<br>6",,,,,,,y,,4,laybeliefs,,
mail,appointment,"<div class=""rich-text-field-label""><p><span style=""font-weight: normal;"">Sie haben nun alle Fragebögen beantwortet - vielen Dank!</span><br /><br /><span style=""font-weight: normal;"">Bitte tragen Sie sich nun für einen Labortermin ein. Nutzen Sie dafür den unten stehenden Link. </span>Verwenden Sie bitte Ihren Versuchspersonencode als Namen<span style=""font-weight: normal;"">. </span><br /><br /><span style=""font-weight: normal;"">Zur Erinnerung: Ihr Versuchspersonencode lautet: [subject_id_quest]</span><br /><br /><span style=""font-weight: normal;"">Andere Teilnehmende können diese Informationen nicht einsehen.</span><br /><br />Die Erhebung besteht aus zwei Laborterminen. Der zweite Termin findet exakt eine Woche später statt! Bitte beachten Sie, dass Sie sich nur für den ersten Labortermin eintragen. Planen Sie bitte für beide Termine ca. 1 Stunde Zeit ein.</p> <p><br /><span style=""font-weight: normal;"">Sollte keiner der Termine passen, nehmen Sie bitte per Mail unter cered-study@tu-dresden.de Kontakt mit uns auf. Wir kommen dann mit weiteren Terminvorschlägen auf Sie zu.</span></p> <p>Tragen Sie bitte außerdem in das untere Feld Ihre Mailadresse ein, damit wir Ihnen Terminerinnerungen zusenden können.<br /><br /><br /><span style=""font-weight: normal;"">Wir freuen uns auf Ihren Laborbesuch!</span></p> <p> </p> <p>Hinweis:</p> <p>Sie werden gleich automatisch auf die Seite der Terminvereinbarung geleitet. Sollten Sie nicht automatisch weiteregleitet werden, können Sie den Link zu der Seite nutzen:</p> <p><a href=""https://terminplaner6.dfn.de/p/2dee779a5e5db2755addf2cbb400b9db-15748"" target=""_blank"" rel=""noopener"">Link zur Terminabfrage</a></p></div>",text,"Tragen Sie bitte hier Ihre Mailadresse zur Kontaktaufnahme ein:",,,,,,,,,,,,,
subject_id_lab,preparatory_coged,,text,Probandencode,,,,,,,,,,,,,
vl,preparatory_coged,,text,"Versuchsleitung Kürzel",,"z.B. ""JZ"" oder ""CS""",alpha_only,,,,,y,,,,,
date,preparatory_coged,,text,Erhebungsdatum,,,date_dmy,2019-07-01,2020-06-30,,,,,,,," @TODAY @READONLY"
age,general_questions,,text,"Bitte geben Sie Ihr Alter an",,,number,18,40,,,y,,1,,,
gender,general_questions,,radio,"Bitte geben Sie Ihr Geschlecht an","1, männlich | 2, weiblich | 3, divers",,,,,,,y,,2,,,
edu,general_questions,,radio,"Bitte geben Sie Ihren höchsten allgemeinen 
Schulabschluss an
","1, Hauptschulabschluss (Volksschulabschluss, 9. Klasse ohne Abschluss oder vergleichbar) | 2, Realschulabschluss (mittlere Reife, 10.-Klasse-Mittelschulabschluss oder vergleichbar) | 3, Hochschulreife (Fachhochschulreife, allgemeine Hochschulreife oder vergleichbar)",,,,,,,y,,3,,,
state,general_questions,,radio,"<b>Bitte lesen Sie die folgenden drei Fragen aufmerksam durch. Sollten Sie eine oder mehrere der Fragen mit ja beantworten, kreuzen Sie bitte links an, sonst kreuzen Sie bitte rechts an. <p>Sie müssen nicht angeben, welche der Fragen Sie mit ja oder nein beantworten</b>
<p> <span style=""font-weight: lighter"">(1) Haben Sie in der letzten Nacht deutlich kürzer als üblich geschlafen, oder liegen sonstige Gründe vor, die Ihre übliche geistige Leistungsfähigkeit beeinflussen? </span><p><span style=""font-weight: lighter"">(2) Haben Sie gestern oder heute im Übermaß Alkohol, Nikotin oder Koffein oder sonstige Substanzen oder Medikamente zu sich genommen, die Ihre geistige Leistungsfähigkeit beeinträchtigen könnten? </span><p><span style=""font-weight: lighter"">(3) Liegen bei Ihnen sonstige Gründe vor, die gegen eine Teilnahme an dieser Studie zur Erfassung des Zusammenhangs zwischen Emotionsregulationsstrategien und Effort sprechen? </span>","1, <b>eine</b> oder <b>mehrere</b> Fragen mit <b>ja</b> beantwortet | 0, <b>alle</b> Fragen mit <b>nein</b> beantwortet",,,,,,,y,LV,6,,,
state_0,general_questions,,descriptive,"<center><b> <font size=""4"">SIE SIND MIT DIESEM TEIL DER ERHEBUNG FERTIG.</b></center><p> <center><b>BITTE WENDEN SIE SICH AN DIE VERSUCHSLEITUNG.</font></b></center>",,,,,,,[state]='0',,,,,,
state_1,general_questions,,descriptive,"<center><b><font size=""4"">LEIDER KÖNNEN WIR SIE NICHT IN UNSER EXPERIMENT AUFNEHMEN.</b></center><p> <center><b>BITTE WENDEN SIE SICH AN DIE VERSUCHSLEITUNG.</font></b></center>",,,,,,,[state]='1',,,,,,
inclusion,researcher_questions,,radio,"<div class=""rich-text-field-label""><p><em><span style=""color: #000000; background-color: #99cc00;"">Einschluss ins Experiment</span></em></p></div>","1, Ja | 0, Nein",,,,,,,y,,,,,
inclusion_0,researcher_questions,,checkbox,"<div class=""rich-text-field-label""><p><span style=""font-weight: normal;"">Grund für Ausschluss:</span></p></div>","1, Zustand des Probanden | 2, anderes:",,,,,,"[inclusion] = '0'",y,,,,,
inclusion_0_2,researcher_questions,,notes,,,,,,,,"[inclusion_0(2)] = '1'",,,,,,
nasa_tlx_1,nasatlx_aversion,"Bitte geben Sie jetzt für jede der unten stehenden Dimensionen an, wie hoch die Beanspruchung war. Klicken Sie dazu bitte auf den folgenden Skalen an, in welchem Maße Sie sich in den sieben genannten Dimensionen von der Aufgabe beansprucht oder gefordert gesehen haben:",radio,"Geistige Anforderungen: Wie viel geistige Anstrengung war bei der Aufgabe nötig?","1, gering | 2,  | 3,  | 4,  | 5,  | 6,  | 7,  | 8,  | 9,  | 10,  | 11,  | 12,  | 13,  | 14,  | 15,  | 16,  | 17,  | 18,  | 19,  | 20, hoch",,,,,,,y,,,nasa_avers,,
nasa_tlx_2,nasatlx_aversion,,radio,"Körperliche Anforderungen: Wie viel körperliche Aktivität war erforderlich?","1, gering | 2,  | 3,  | 4,  | 5,  | 6,  | 7,  | 8,  | 9,  | 10,  | 11,  | 12,  | 13,  | 14,  | 15,  | 16,  | 17,  | 18,  | 19,  | 20, hoch",,,,,,,y,,,nasa_avers,,
nasa_tlx_3,nasatlx_aversion,,radio,"Zeitliche Anforderungen: Wie viel Zeitdruck empfanden Sie während der Aufgabenbearbeitung?","1, gering | 2,  | 3,  | 4,  | 5,  | 6,  | 7,  | 8,  | 9,  | 10,  | 11,  | 12,  | 13,  | 14,  | 15,  | 16,  | 17,  | 18,  | 19,  | 20, hoch",,,,,,,y,,,nasa_avers,,
nasa_tlx_4,nasatlx_aversion,,radio,"Leistung: Wie erfolgreich waren Sie Ihrer Meinung nach beim Erreichen der Ziele dieser Aufgabe?","1, gering | 2,  | 3,  | 4,  | 5,  | 6,  | 7,  | 8,  | 9,  | 10,  | 11,  | 12,  | 13,  | 14,  | 15,  | 16,  | 17,  | 18,  | 19,  | 20, hoch",,,,,,,y,,,nasa_avers,,
nasa_tlx_5,nasatlx_aversion,,radio,"Anstrengung: Wie hart mussten Sie arbeiten, um Ihren Grad an Aufgabenerfüllung zu erreichen?","1, gering | 2,  | 3,  | 4,  | 5,  | 6,  | 7,  | 8,  | 9,  | 10,  | 11,  | 12,  | 13,  | 14,  | 15,  | 16,  | 17,  | 18,  | 19,  | 20, hoch",,,,,,,y,,,nasa_avers,,
nasa_tlx_6,nasatlx_aversion,,radio,"Frustration: Wie unsicher, entmutigt, irritiert, gestresst und verärgert fühlten Sie sich während der Aufgabe?","1, gering | 2,  | 3,  | 4,  | 5,  | 6,  | 7,  | 8,  | 9,  | 10,  | 11,  | 12,  | 13,  | 14,  | 15,  | 16,  | 17,  | 18,  | 19,  | 20, hoch",,,,,,,y,,,nasa_avers,,
avers,nasatlx_aversion,,radio,"Aversion: Wie viel Abneigung empfanden Sie gegenüber der Aufgabe?","1, gering | 2,  | 3,  | 4,  | 5,  | 6,  | 7,  | 8,  | 9,  | 10,  | 11,  | 12,  | 13,  | 14,  | 15,  | 16,  | 17,  | 18,  | 19,  | 20, hoch",,,,,,,y,,,nasa_avers,,
nasa_tlx_1b,nasatlx_aversion2,"Bitte geben Sie jetzt für jede der unten stehenden Dimensionen an, wie hoch die Beanspruchung war. Klicken Sie dazu bitte auf den folgenden Skalen an, in welchem Maße Sie sich in den sieben genannten Dimensionen von der Aufgabe beansprucht oder gefordert gesehen haben:",radio,"Geistige Anforderungen: Wie viel geistige Anstrengung war bei der Aufgabe nötig?","1, gering | 2,  | 3,  | 4,  | 5,  | 6,  | 7,  | 8,  | 9,  | 10,  | 11,  | 12,  | 13,  | 14,  | 15,  | 16,  | 17,  | 18,  | 19,  | 20, hoch",,,,,,,y,,,nasa_avers_c44bea,,
nasa_tlx_2b,nasatlx_aversion2,,radio,"Körperliche Anforderungen: Wie viel körperliche Aktivität war erforderlich?","1, gering | 2,  | 3,  | 4,  | 5,  | 6,  | 7,  | 8,  | 9,  | 10,  | 11,  | 12,  | 13,  | 14,  | 15,  | 16,  | 17,  | 18,  | 19,  | 20, hoch",,,,,,,y,,,nasa_avers_c44bea,,
nasa_tlx_3b,nasatlx_aversion2,,radio,"Zeitliche Anforderungen: Wie viel Zeitdruck empfanden Sie während der Aufgabenbearbeitung?","1, gering | 2,  | 3,  | 4,  | 5,  | 6,  | 7,  | 8,  | 9,  | 10,  | 11,  | 12,  | 13,  | 14,  | 15,  | 16,  | 17,  | 18,  | 19,  | 20, hoch",,,,,,,y,,,nasa_avers_c44bea,,
nasa_tlx_4b,nasatlx_aversion2,,radio,"Leistung: Wie erfolgreich waren Sie Ihrer Meinung nach beim Erreichen der Ziele dieser Aufgabe?","1, gering | 2,  | 3,  | 4,  | 5,  | 6,  | 7,  | 8,  | 9,  | 10,  | 11,  | 12,  | 13,  | 14,  | 15,  | 16,  | 17,  | 18,  | 19,  | 20, hoch",,,,,,,y,,,nasa_avers_c44bea,,
nasa_tlx_5b,nasatlx_aversion2,,radio,"Anstrengung: Wie hart mussten Sie arbeiten, um Ihren Grad an Aufgabenerfüllung zu erreichen?","1, gering | 2,  | 3,  | 4,  | 5,  | 6,  | 7,  | 8,  | 9,  | 10,  | 11,  | 12,  | 13,  | 14,  | 15,  | 16,  | 17,  | 18,  | 19,  | 20, hoch",,,,,,,y,,,nasa_avers_c44bea,,
nasa_tlx_6b,nasatlx_aversion2,,radio,"Frustration: Wie unsicher, entmutigt, irritiert, gestresst und verärgert fühlten Sie sich während der Aufgabe?","1, gering | 2,  | 3,  | 4,  | 5,  | 6,  | 7,  | 8,  | 9,  | 10,  | 11,  | 12,  | 13,  | 14,  | 15,  | 16,  | 17,  | 18,  | 19,  | 20, hoch",,,,,,,y,,,nasa_avers_c44bea,,
aversb,nasatlx_aversion2,,radio,"Aversion: Wie viel Abneigung empfanden Sie gegenüber der Aufgabe?","1, gering | 2,  | 3,  | 4,  | 5,  | 6,  | 7,  | 8,  | 9,  | 10,  | 11,  | 12,  | 13,  | 14,  | 15,  | 16,  | 17,  | 18,  | 19,  | 20, hoch",,,,,,,y,,,nasa_avers_c44bea,,
nasa_tlx_1c,nasatlx_aversion3,"Bitte geben Sie jetzt für jede der unten stehenden Dimensionen an, wie hoch die Beanspruchung war. Klicken Sie dazu bitte auf den folgenden Skalen an, in welchem Maße Sie sich in den sieben genannten Dimensionen von der Aufgabe beansprucht oder gefordert gesehen haben:",radio,"Geistige Anforderungen: Wie viel geistige Anstrengung war bei der Aufgabe nötig?","1, gering | 2,  | 3,  | 4,  | 5,  | 6,  | 7,  | 8,  | 9,  | 10,  | 11,  | 12,  | 13,  | 14,  | 15,  | 16,  | 17,  | 18,  | 19,  | 20, hoch",,,,,,,y,,,nasa_avers_c30352,,
nasa_tlx_2c,nasatlx_aversion3,,radio,"Körperliche Anforderungen: Wie viel körperliche Aktivität war erforderlich?","1, gering | 2,  | 3,  | 4,  | 5,  | 6,  | 7,  | 8,  | 9,  | 10,  | 11,  | 12,  | 13,  | 14,  | 15,  | 16,  | 17,  | 18,  | 19,  | 20, hoch",,,,,,,y,,,nasa_avers_c30352,,
nasa_tlx_3c,nasatlx_aversion3,,radio,"Zeitliche Anforderungen: Wie viel Zeitdruck empfanden Sie während der Aufgabenbearbeitung?","1, gering | 2,  | 3,  | 4,  | 5,  | 6,  | 7,  | 8,  | 9,  | 10,  | 11,  | 12,  | 13,  | 14,  | 15,  | 16,  | 17,  | 18,  | 19,  | 20, hoch",,,,,,,y,,,nasa_avers_c30352,,
nasa_tlx_4c,nasatlx_aversion3,,radio,"Leistung: Wie erfolgreich waren Sie Ihrer Meinung nach beim Erreichen der Ziele dieser Aufgabe?","1, gering | 2,  | 3,  | 4,  | 5,  | 6,  | 7,  | 8,  | 9,  | 10,  | 11,  | 12,  | 13,  | 14,  | 15,  | 16,  | 17,  | 18,  | 19,  | 20, hoch",,,,,,,y,,,nasa_avers_c30352,,
nasa_tlx_5c,nasatlx_aversion3,,radio,"Anstrengung: Wie hart mussten Sie arbeiten, um Ihren Grad an Aufgabenerfüllung zu erreichen?","1, gering | 2,  | 3,  | 4,  | 5,  | 6,  | 7,  | 8,  | 9,  | 10,  | 11,  | 12,  | 13,  | 14,  | 15,  | 16,  | 17,  | 18,  | 19,  | 20, hoch",,,,,,,y,,,nasa_avers_c30352,,
nasa_tlx_6c,nasatlx_aversion3,,radio,"Frustration: Wie unsicher, entmutigt, irritiert, gestresst und verärgert fühlten Sie sich während der Aufgabe?","1, gering | 2,  | 3,  | 4,  | 5,  | 6,  | 7,  | 8,  | 9,  | 10,  | 11,  | 12,  | 13,  | 14,  | 15,  | 16,  | 17,  | 18,  | 19,  | 20, hoch",,,,,,,y,,,nasa_avers_c30352,,
aversc,nasatlx_aversion3,,radio,"Aversion: Wie viel Abneigung empfanden Sie gegenüber der Aufgabe?","1, gering | 2,  | 3,  | 4,  | 5,  | 6,  | 7,  | 8,  | 9,  | 10,  | 11,  | 12,  | 13,  | 14,  | 15,  | 16,  | 17,  | 18,  | 19,  | 20, hoch",,,,,,,y,,,nasa_avers_c30352,,
nasa_tlx_1d,nasatlx_aversion4,"Bitte geben Sie jetzt für jede der unten stehenden Dimensionen an, wie hoch die Beanspruchung war. Klicken Sie dazu bitte auf den folgenden Skalen an, in welchem Maße Sie sich in den sieben genannten Dimensionen von der Aufgabe beansprucht oder gefordert gesehen haben:",radio,"Geistige Anforderungen: Wie viel geistige Anstrengung war bei der Aufgabe nötig?","1, gering | 2,  | 3,  | 4,  | 5,  | 6,  | 7,  | 8,  | 9,  | 10,  | 11,  | 12,  | 13,  | 14,  | 15,  | 16,  | 17,  | 18,  | 19,  | 20, hoch",,,,,,,y,,,nasa_avers_4767b5,,
nasa_tlx_2d,nasatlx_aversion4,,radio,"Körperliche Anforderungen: Wie viel körperliche Aktivität war erforderlich?","1, gering | 2,  | 3,  | 4,  | 5,  | 6,  | 7,  | 8,  | 9,  | 10,  | 11,  | 12,  | 13,  | 14,  | 15,  | 16,  | 17,  | 18,  | 19,  | 20, hoch",,,,,,,y,,,nasa_avers_4767b5,,
nasa_tlx_3d,nasatlx_aversion4,,radio,"Zeitliche Anforderungen: Wie viel Zeitdruck empfanden Sie während der Aufgabenbearbeitung?","1, gering | 2,  | 3,  | 4,  | 5,  | 6,  | 7,  | 8,  | 9,  | 10,  | 11,  | 12,  | 13,  | 14,  | 15,  | 16,  | 17,  | 18,  | 19,  | 20, hoch",,,,,,,y,,,nasa_avers_4767b5,,
nasa_tlx_4d,nasatlx_aversion4,,radio,"Leistung: Wie erfolgreich waren Sie Ihrer Meinung nach beim Erreichen der Ziele dieser Aufgabe?","1, gering | 2,  | 3,  | 4,  | 5,  | 6,  | 7,  | 8,  | 9,  | 10,  | 11,  | 12,  | 13,  | 14,  | 15,  | 16,  | 17,  | 18,  | 19,  | 20, hoch",,,,,,,y,,,nasa_avers_4767b5,,
nasa_tlx_5d,nasatlx_aversion4,,radio,"Anstrengung: Wie hart mussten Sie arbeiten, um Ihren Grad an Aufgabenerfüllung zu erreichen?","1, gering | 2,  | 3,  | 4,  | 5,  | 6,  | 7,  | 8,  | 9,  | 10,  | 11,  | 12,  | 13,  | 14,  | 15,  | 16,  | 17,  | 18,  | 19,  | 20, hoch",,,,,,,y,,,nasa_avers_4767b5,,
nasa_tlx_6d,nasatlx_aversion4,,radio,"Frustration: Wie unsicher, entmutigt, irritiert, gestresst und verärgert fühlten Sie sich während der Aufgabe?","1, gering | 2,  | 3,  | 4,  | 5,  | 6,  | 7,  | 8,  | 9,  | 10,  | 11,  | 12,  | 13,  | 14,  | 15,  | 16,  | 17,  | 18,  | 19,  | 20, hoch",,,,,,,y,,,nasa_avers_4767b5,,
aversd,nasatlx_aversion4,,radio,"Aversion: Wie viel Abneigung empfanden Sie gegenüber der Aufgabe?","1, gering | 2,  | 3,  | 4,  | 5,  | 6,  | 7,  | 8,  | 9,  | 10,  | 11,  | 12,  | 13,  | 14,  | 15,  | 16,  | 17,  | 18,  | 19,  | 20, hoch",,,,,,,y,,,nasa_avers_4767b5,,
followup_adherence,followup_coged,<b>Nachbefragung</b>,radio,"Haben Sie sich an die Aufgabenstellung gehalten?","1, Ja | 0, Nein",,,,,,,y,,,,,
followup_motivation,followup_coged,,radio,"Worauf basierte Ihre Entscheidung bei der Auswahl zwischen den verschiedenen Leveln und den jeweiligen Geldbeträgen?
(Wenn mehrere Antworten zutreffen, wählen Sie bitte die aus, die für Sie am wichtigsten war)
","1, Ich wollte Langeweile vermeiden | 2, Ich wollte mich herausfordern | 3, Ich wollte Anstrengung vermeiden | 4, Ich wollte mich entspannen | 5, Anderer Grund:",,,,,,,y,,7,,,
followup_motivation_other,followup_coged,,notes,,,,,,,,"[followup_motivation] = '5'",y,,,,,
t1_psychopy_ed_csv,files_coged,"Nachfolgend bitte alle Logfiles (PsychoPy) hochladen.",file,"PsychoPy: ED .csv-Datei hochladen",,,,,,,,y,,,,,
t1_psychopy_nback_csv,files_coged,,file,"PsychoPy: nback .csv-Datei hochladen",,,,,,,,y,,,,,
t1_psychopy_randch_log,files_coged,,file,"PsychoPy: randomchoice .csv-Datei hochladen",,,,,,,,y,,,,,
t1_session_notes,files_coged,,notes,"Anmerkungen zur Session",,,,,,,,,,,,,
record_id_2,preparatory_ered,,text,Probandencode,,,,,,,,y,,,,,
vl_er,preparatory_ered,,text,"Versuchsleitung Kürzel",,"z.B. ""JZ"" oder ""CS""",alpha_only,,,,,y,,,,,
date_er,preparatory_ered,,text,Erhebungsdatum,,,date_dmy,2019-07-01,2020-06-30,,,,,,,," @TODAY @READONLY"
emg_eeg,files_ered,"Folgend bitte alle Experimentdaten (EMG & Presentation) hochladen.",file,"EMG: .eeg-Datei hochladen",,,,,,,,y,,,,,
emg_vhdr,files_ered,,file,"EMG: .vhdr-Datei hochladen",,,,,,,,y,,,,,
emg_vmrk,files_ered,,file,"EMG: .vmrk-Datei hochladen",,,,,,,,y,,,,,
er_psychopy_csv,files_ered,,file,"PsychoPy: ER .csv - Datei hochladen",,,,,,,,,,,,,
ed_psychopy_csv,files_ered,,file,"PsychoPy: ED .csv - Datei hochladen",,,,,,,,,,,,,
t2_session_notes,files_ered,,notes,"Anmerkungen zur Session:",,,,,,,,,,,,,
nachb_01,followup_ered,<b>Emotionsregulationsaufgabe</b>,radio,"Ist Ihnen beim Ausführen der Aufgabe irgendetwas aufgefallen?","0, Nein | 1, Ja, und zwar:",,,,,,,y,,1,,,
nachb_01_inhalt,followup_ered,,notes,,,,,,,,"[nachb_01] = '1'",y,,,,,
nachb_02,followup_ered,,radio,"Haben Sie sich an die zuvor instruierten Strategien gehalten?","1, Ja | 0, Nein, weil:",,,,,,,y,,2,,,
nachb_02_inhalt,followup_ered,,notes,,,,,,,,"[nachb_02] = '0'",y,,,,,
nachb_03,followup_ered,,notes,"Wieso haben Sie sich für die von Ihnen gewählte Strategie im letzten Block entschieden?",,,,,,,,y,,3,,,
nachb_07,followup_ered,<b>Allgemein</b>,radio,"Ist Ihnen allgemein noch etwas aufgefallen (Versuchsablauf, Struktur...)?","0, Nein | 1, Ja, und zwar:",,,,,,,y,,7,,,
nachb_07_inhalt,followup_ered,,notes,,,,,,,,"[nachb_07] = '1'",y,,,,,
nachb_08,followup_ered,,radio,"Haben Sie bei anderen Versuchsteilnahmen bereits ähnliche Aufgaben bearbeitet?","0, Nein | 1, Ja, und zwar:",,,,,,,y,,8,,,
nachb_08_inhalt,followup_ered,,notes,,,,,,,,"[nachb_08] = '1'",y,,,,,
nachb_08_haeufig,followup_ered,,text,"Wie oft?",,Mal,integer,0,100,,"[nachb_08] = '1'",y,,,,,
nachb_08_zurueck,followup_ered,,text,"Wie lange liegt das letzte Mal zurück?
<span style=""font-weight: lighter; font-style:italic;"">(in Wochen)</span>",,"Bitte mit 1 Nachkommastelle angeben und Punkt anstatt Komma setzen (z.B. 10.0 oder 4.5)",number_1dp,0,100,,"[nachb_08] = '1'",y,,,,,
